{
"cleaness":[
{
"name":"منظف بقوة فائقة متعدد الاستخدام برائحة الليمون من سيترس - 1 لتر",
"url":"https://www.amazon.eg/%D9%81%D8%A7%D8%A6%D9%82%D8%A9-%D8%A7%D9%84%D8%A7%D8%B3%D8%AA%D8%AE%D8%AF%D8%A7%D9%85-%D8%A8%D8%B1%D8%A7%D8%A6%D8%AD%D8%A9-%D8%A7%D9%84%D9%84%D9%8A%D9%85%D9%88%D9%86-%D8%B3%D9%8A%D8%AA%D8%B1%D8%B3/dp/B084HKX3XS/ref=sr_1_1?crid=3TJCQFNLRUFXM&keywords=%D9%85%D9%86%D8%B8%D9%81%D8%A7%D8%AA&qid=1638746373&sprefix=%D9%85%D9%86%D8%B8%D9%81%D8%A7%2Caps%2C201&sr=8-1"
},
{
"name":"سائل منظف أرضيات برائحة الزهور من جنرال، 730 جم",
"url":"https://www.amazon.eg/%D8%B3%D8%A7%D8%A6%D9%84-%D8%A3%D8%B1%D8%B6%D9%8A%D8%A7%D8%AA-%D8%A8%D8%B1%D8%A7%D8%A6%D8%AD%D8%A9-%D8%A7%D9%84%D8%B2%D9%87%D9%88%D8%B1-%D8%AC%D9%86%D8%B1%D8%A7%D9%84%D8%8C/dp/B08WJJLYMS/ref=sr_1_2?crid=3TJCQFNLRUFXM&keywords=%D9%85%D9%86%D8%B8%D9%81%D8%A7%D8%AA&qid=1638746373&sprefix=%D9%85%D9%86%D8%B8%D9%81%D8%A7%2Caps%2C201&sr=8-2"
},
{
"name":"منظف الاسطح المنزلية من فريدا 480 مل - برائحة التوت البري",
"url":"https://www.amazon.eg/%D9%85%D9%86%D8%B8%D9%81-%D8%A7%D9%84%D8%A7%D8%B3%D8%B7%D8%AD-%D8%A7%D9%84%D9%85%D9%86%D8%B2%D9%84%D9%8A%D8%A9-%D9%81%D8%B1%D9%8A%D8%AF%D8%A7-480/dp/B089GTWPKK/ref=sr_1_3?crid=3TJCQFNLRUFXM&keywords=%D9%85%D9%86%D8%B8%D9%81%D8%A7%D8%AA&qid=1638746373&sprefix=%D9%85%D9%86%D8%B8%D9%81%D8%A7%2Caps%2C201&sr=8-3"
},
{
"name":"منظف ارضيات برائحة الجريب فروت والاعشاب من ماكسيل ماجيك - 1 لتر",
"url":"https://www.amazon.eg/%D8%A7%D8%B1%D8%B6%D9%8A%D8%A7%D8%AA-%D8%A8%D8%B1%D8%A7%D8%A6%D8%AD%D8%A9-%D9%88%D8%A7%D9%84%D8%A7%D8%B9%D8%B4%D8%A7%D8%A8-%D9%85%D8%A7%D9%83%D8%B3%D9%8A%D9%84-%D9%85%D8%A7%D8%AC%D9%8A%D9%83/dp/B08WJMVT9Y/ref=sr_1_4?crid=3TJCQFNLRUFXM&keywords=%D9%85%D9%86%D8%B8%D9%81%D8%A7%D8%AA&qid=1638746373&sprefix=%D9%85%D9%86%D8%B8%D9%81%D8%A7%2Caps%2C201&sr=8-4"
},
{
"name":"بخاخ منظف للافران من ماكسيل ماجيك ، 500 مل",
"url":"https://www.amazon.eg/%D8%A8%D8%AE%D8%A7%D8%AE-%D9%85%D9%86%D8%B8%D9%81-%D9%84%D9%84%D8%A7%D9%81%D8%B1%D8%A7%D9%86-%D9%85%D8%A7%D9%83%D8%B3%D9%8A%D9%84-%D9%85%D8%A7%D8%AC%D9%8A%D9%83/dp/B08WJMVSMF/ref=sr_1_5?crid=3TJCQFNLRUFXM&keywords=%D9%85%D9%86%D8%B8%D9%81%D8%A7%D8%AA&qid=1638746373&sprefix=%D9%85%D9%86%D8%B8%D9%81%D8%A7%2Caps%2C201&sr=8-5"
},
{
"name":"اللهلوبة منظف شديد القوة متعدد الاغراض برائحة الورد 1 لتر",
"url":"https://www.amazon.eg/%D8%A7%D9%84%D9%84%D9%87%D9%84%D9%88%D8%A8%D8%A9-%D8%A7%D9%84%D9%82%D9%88%D8%A9-%D9%85%D8%AA%D8%B9%D8%AF%D8%AF-%D8%A7%D9%84%D8%A7%D8%BA%D8%B1%D8%A7%D8%B6-%D8%A8%D8%B1%D8%A7%D8%A6%D8%AD%D8%A9/dp/B08439C4P2/ref=sr_1_6?crid=3TJCQFNLRUFXM&keywords=%D9%85%D9%86%D8%B8%D9%81%D8%A7%D8%AA&qid=1638746373&sprefix=%D9%85%D9%86%D8%B8%D9%81%D8%A7%2Caps%2C201&sr=8-6"
},
{
"name":"منظف الاسطح المنزلية من فريدا 480 مل - برائحة العود",
"url":"https://www.amazon.eg/%D9%85%D9%86%D8%B8%D9%81-%D8%A7%D9%84%D8%A7%D8%B3%D8%B7%D8%AD-%D8%A7%D9%84%D9%85%D9%86%D8%B2%D9%84%D9%8A%D8%A9-%D9%81%D8%B1%D9%8A%D8%AF%D8%A7-480/dp/B08FV143Q4/ref=sr_1_7?crid=3TJCQFNLRUFXM&keywords=%D9%85%D9%86%D8%B8%D9%81%D8%A7%D8%AA&qid=1638746373&sprefix=%D9%85%D9%86%D8%B8%D9%81%D8%A7%2Caps%2C201&sr=8-7"
},
{
"name":"منظف للاقمشة من فريدا - برائحة الانتعاش - 4 لتر",
"url":"https://www.amazon.eg/%D9%85%D9%86%D8%B8%D9%81-%D9%84%D9%84%D8%A7%D9%82%D9%85%D8%B4%D8%A9-%D9%85%D9%86-%D9%81%D8%B1%D9%8A%D8%AF%D8%A7-%D8%A7%D9%84%D8%A7%D9%86%D8%AA%D8%B9%D8%A7%D8%B4/dp/B08WJN47FZ/ref=sr_1_8?crid=3TJCQFNLRUFXM&keywords=%D9%85%D9%86%D8%B8%D9%81%D8%A7%D8%AA&qid=1638746373&sprefix=%D9%85%D9%86%D8%B8%D9%81%D8%A7%2Caps%2C201&sr=8-8"
},
{
"name":"منظف متعدد الاستخدام 4 في 1 برائحة اللافندر من ديتول، 650 مل",
"url":"https://www.amazon.eg/%D9%85%D8%AA%D8%B9%D8%AF%D8%AF-%D8%A7%D9%84%D8%A7%D8%B3%D8%AA%D8%AE%D8%AF%D8%A7%D9%85-%D8%A8%D8%B1%D8%A7%D8%A6%D8%AD%D8%A9-%D8%A7%D9%84%D9%84%D8%A7%D9%81%D9%86%D8%AF%D8%B1-%D8%AF%D9%8A%D8%AA%D9%88%D9%84%D8%8C/dp/B08WJNFQTM/ref=sr_1_9?crid=3TJCQFNLRUFXM&keywords=%D9%85%D9%86%D8%B8%D9%81%D8%A7%D8%AA&qid=1638746373&sprefix=%D9%85%D9%86%D8%B8%D9%81%D8%A7%2Caps%2C201&sr=8-9"
},
{
"name":"منظف ارضيات طارد للحشرات الزاحفة من ماكسيل ماجيك - 1 لتر",
"url":"https://www.amazon.eg/%D8%A7%D8%B1%D8%B6%D9%8A%D8%A7%D8%AA-%D9%84%D9%84%D8%AD%D8%B4%D8%B1%D8%A7%D8%AA-%D8%A7%D9%84%D8%B2%D8%A7%D8%AD%D9%81%D8%A9-%D9%85%D8%A7%D9%83%D8%B3%D9%8A%D9%84-%D9%85%D8%A7%D8%AC%D9%8A%D9%83/dp/B08WJJFCMW/ref=sr_1_10?crid=3TJCQFNLRUFXM&keywords=%D9%85%D9%86%D8%B8%D9%81%D8%A7%D8%AA&qid=1638746373&sprefix=%D9%85%D9%86%D8%B8%D9%81%D8%A7%2Caps%2C201&sr=8-10"
},
{
"name":"منظف الزجاج والنوافذ ماكسيل ماجيك برائحة الأعشاب، 700 مل",
"url":"https://www.amazon.eg/%D8%A7%D9%84%D8%B2%D8%AC%D8%A7%D8%AC-%D9%88%D8%A7%D9%84%D9%86%D9%88%D8%A7%D9%81%D8%B0-%D9%85%D8%A7%D9%83%D8%B3%D9%8A%D9%84-%D9%85%D8%A7%D8%AC%D9%8A%D9%83-%D8%A7%D9%84%D8%A3%D8%B9%D8%B4%D8%A7%D8%A8%D8%8C/dp/B08WJJGMCR/ref=sr_1_11?crid=3TJCQFNLRUFXM&keywords=%D9%85%D9%86%D8%B8%D9%81%D8%A7%D8%AA&qid=1638746373&sprefix=%D9%85%D9%86%D8%B8%D9%81%D8%A7%2Caps%2C201&sr=8-11"
},
{
"name":"منظف للارضيات والحمامات من سبيد فلاش ، 900 جم",
"url":"https://www.amazon.eg/%D9%85%D9%86%D8%B8%D9%81-%D9%84%D9%84%D8%A7%D8%B1%D8%B6%D9%8A%D8%A7%D8%AA-%D9%88%D8%A7%D9%84%D8%AD%D9%85%D8%A7%D9%85%D8%A7%D8%AA-%D8%B3%D8%A8%D9%8A%D8%AF-%D9%81%D9%84%D8%A7%D8%B4/dp/B08WJPPYRH/ref=sr_1_12?crid=3TJCQFNLRUFXM&keywords=%D9%85%D9%86%D8%B8%D9%81%D8%A7%D8%AA&qid=1638746373&sprefix=%D9%85%D9%86%D8%B8%D9%81%D8%A7%2Caps%2C201&sr=8-12"
},
{
"name":"منظف التواليت 5 في 1 من مستر ماسل، 3 قطع، 500 مل",
"url":"https://www.amazon.eg/%D9%85%D9%86%D8%B8%D9%81-%D8%A7%D9%84%D8%AA%D9%88%D8%A7%D9%84%D9%8A%D8%AA-%D9%85%D8%B3%D8%AA%D8%B1-%D9%85%D8%A7%D8%B3%D9%84%D8%8C-%D9%82%D8%B7%D8%B9%D8%8C/dp/B091NZVLK1/ref=sr_1_13?crid=3TJCQFNLRUFXM&keywords=%D9%85%D9%86%D8%B8%D9%81%D8%A7%D8%AA&qid=1638746373&sprefix=%D9%85%D9%86%D8%B8%D9%81%D8%A7%2Caps%2C201&sr=8-13"
},
{
"name":"منظف زجاج من فريدا، مجموعة من 4 قطع - 550 مل",
"url":"https://www.amazon.eg/%D9%85%D9%86%D8%B8%D9%81-%D8%B2%D8%AC%D8%A7%D8%AC-%D9%81%D8%B1%D9%8A%D8%AF%D8%A7%D8%8C-%D9%85%D8%AC%D9%85%D9%88%D8%B9%D8%A9-%D9%82%D8%B7%D8%B9/dp/B08WJNGYPW/ref=sr_1_14?crid=3TJCQFNLRUFXM&keywords=%D9%85%D9%86%D8%B8%D9%81%D8%A7%D8%AA&qid=1638746373&sprefix=%D9%85%D9%86%D8%B8%D9%81%D8%A7%2Caps%2C201&sr=8-14"
},
{
"name":"منظف المرحاض باور بلس الاصلي من هاربيك، 450 مل",
"url":"https://www.amazon.eg/%D9%85%D9%86%D8%B8%D9%81-%D8%A7%D9%84%D9%85%D8%B1%D8%AD%D8%A7%D8%B6-%D8%A8%D8%A7%D9%88%D8%B1-%D8%A7%D9%84%D8%A7%D8%B5%D9%84%D9%8A-%D9%87%D8%A7%D8%B1%D8%A8%D9%8A%D9%83%D8%8C/dp/B08X65RYLV/ref=sr_1_15?crid=3TJCQFNLRUFXM&keywords=%D9%85%D9%86%D8%B8%D9%81%D8%A7%D8%AA&qid=1638746373&sprefix=%D9%85%D9%86%D8%B8%D9%81%D8%A7%2Caps%2C201&sr=8-15"
},
{
"name":"منظف المراحيض المطهر الاصلي من هاربيك، 700 مل - قطعتين",
"url":"https://www.amazon.eg/%D9%85%D9%86%D8%B8%D9%81-%D8%A7%D9%84%D9%85%D8%B1%D8%A7%D8%AD%D9%8A%D8%B6-%D8%A7%D9%84%D9%85%D8%B7%D9%87%D8%B1-%D8%A7%D9%84%D8%A7%D8%B5%D9%84%D9%8A-%D9%87%D8%A7%D8%B1%D8%A8%D9%8A%D9%83%D8%8C/dp/B0976GLDCM/ref=sr_1_16?crid=3TJCQFNLRUFXM&keywords=%D9%85%D9%86%D8%B8%D9%81%D8%A7%D8%AA&qid=1638746373&sprefix=%D9%85%D9%86%D8%B8%D9%81%D8%A7%2Caps%2C201&sr=8-16"
},
{
"name":"بخاخ منظف للمطابخ مضاد للبكتريا 200 بلس 500 من ماكسيل ماجيك، 700 مل",
"url":"https://www.amazon.eg/%D8%A8%D8%AE%D8%A7%D8%AE-%D9%84%D9%84%D9%85%D8%B7%D8%A7%D8%A8%D8%AE-%D9%84%D9%84%D8%A8%D9%83%D8%AA%D8%B1%D9%8A%D8%A7-%D9%85%D8%A7%D9%83%D8%B3%D9%8A%D9%84-%D9%85%D8%A7%D8%AC%D9%8A%D9%83%D8%8C/dp/B08WJN5TKW/ref=sr_1_17?crid=3TJCQFNLRUFXM&keywords=%D9%85%D9%86%D8%B8%D9%81%D8%A7%D8%AA&qid=1638746373&sprefix=%D9%85%D9%86%D8%B8%D9%81%D8%A7%2Caps%2C201&sr=8-17"
},
{
"name":"سائل منظف للزجاج والنافذة برائحة الأعشاب من ماكسيل ماجيك كريستال، 700 مل",
"url":"https://www.amazon.eg/%D9%88%D8%A7%D9%84%D9%86%D8%A7%D9%81%D8%B0%D8%A9-%D8%A7%D9%84%D8%A3%D8%B9%D8%B4%D8%A7%D8%A8-%D9%85%D8%A7%D9%83%D8%B3%D9%8A%D9%84-%D9%85%D8%A7%D8%AC%D9%8A%D9%83-%D9%83%D8%B1%D9%8A%D8%B3%D8%AA%D8%A7%D9%84%D8%8C/dp/B091NXHCPW/ref=sr_1_18?crid=3TJCQFNLRUFXM&keywords=%D9%85%D9%86%D8%B8%D9%81%D8%A7%D8%AA&qid=1638746373&sprefix=%D9%85%D9%86%D8%B8%D9%81%D8%A7%2Caps%2C201&sr=8-18"
},
{
"name":"منظف اورجينال اسطح متعدد الاستخدام من سيف - 750 مل",
"url":"https://www.amazon.eg/%D9%85%D9%86%D8%B8%D9%81-%D8%A7%D9%88%D8%B1%D8%AC%D9%8A%D9%86%D8%A7%D9%84-%D9%85%D8%AA%D8%B9%D8%AF%D8%AF-%D8%A7%D9%84%D8%A7%D8%B3%D8%AA%D8%AE%D8%AF%D8%A7%D9%85-%D8%B3%D9%8A%D9%81/dp/B07PV8KX7N/ref=sr_1_19?crid=3TJCQFNLRUFXM&keywords=%D9%85%D9%86%D8%B8%D9%81%D8%A7%D8%AA&qid=1638746373&sprefix=%D9%85%D9%86%D8%B8%D9%81%D8%A7%2Caps%2C201&sr=8-19"
},
{
"name":"منظف المرحاض من فورتكس",
"url":"https://www.amazon.eg/%D9%81%D9%88%D8%B1%D8%AA%D9%83%D8%B3-%D9%85%D9%86%D8%B8%D9%81-%D8%A7%D9%84%D9%85%D8%B1%D8%AD%D8%A7%D8%B6-%D9%85%D9%86/dp/B08WJJMXXC/ref=sr_1_20?crid=3TJCQFNLRUFXM&keywords=%D9%85%D9%86%D8%B8%D9%81%D8%A7%D8%AA&qid=1638746373&sprefix=%D9%85%D9%86%D8%B8%D9%81%D8%A7%2Caps%2C201&sr=8-20"
},
{
"name":"منظف ارضيات من رينول - توت، 2 لتر",
"url":"https://www.amazon.eg/%D9%85%D9%86%D8%B8%D9%81-%D8%A7%D8%B1%D8%B6%D9%8A%D8%A7%D8%AA-%D9%85%D9%86-%D8%B1%D9%8A%D9%86%D9%88%D9%84-%D8%AA%D9%88%D8%AA%D8%8C/dp/B08WJLG52J/ref=sr_1_21?crid=3TJCQFNLRUFXM&keywords=%D9%85%D9%86%D8%B8%D9%81%D8%A7%D8%AA&qid=1638746373&sprefix=%D9%85%D9%86%D8%B8%D9%81%D8%A7%2Caps%2C201&sr=8-21"
},
{
"name":"سائل منظف للارضيات برائحة الياسمين من جنرال، 730 جم",
"url":"https://www.amazon.eg/%D8%B3%D8%A7%D8%A6%D9%84-%D9%84%D9%84%D8%A7%D8%B1%D8%B6%D9%8A%D8%A7%D8%AA-%D8%A8%D8%B1%D8%A7%D8%A6%D8%AD%D8%A9-%D8%A7%D9%84%D9%8A%D8%A7%D8%B3%D9%85%D9%8A%D9%86-%D8%AC%D9%86%D8%B1%D8%A7%D9%84%D8%8C/dp/B08WJPXVBH/ref=sr_1_22?crid=3TJCQFNLRUFXM&keywords=%D9%85%D9%86%D8%B8%D9%81%D8%A7%D8%AA&qid=1638746373&sprefix=%D9%85%D9%86%D8%B8%D9%81%D8%A7%2Caps%2C201&sr=8-22"
},
{
"name":"سائل منظف للأطباق برائحة الليمون من فيبا، 4 كجم",
"url":"https://www.amazon.eg/%D8%B3%D8%A7%D8%A6%D9%84-%D9%84%D9%84%D8%A3%D8%B7%D8%A8%D8%A7%D9%82-%D8%A8%D8%B1%D8%A7%D8%A6%D8%AD%D8%A9-%D8%A7%D9%84%D9%84%D9%8A%D9%85%D9%88%D9%86-%D9%81%D9%8A%D8%A8%D8%A7%D8%8C/dp/B07MB9DHT8/ref=sr_1_23?crid=3TJCQFNLRUFXM&keywords=%D9%85%D9%86%D8%B8%D9%81%D8%A7%D8%AA&qid=1638746373&sprefix=%D9%85%D9%86%D8%B8%D9%81%D8%A7%2Caps%2C201&sr=8-23"
},
{
"name":"منظف وملمع الاثاث برائحة البرتقال من بليدج، 300 مل",
"url":"https://www.amazon.eg/%D9%88%D9%85%D9%84%D9%85%D8%B9-%D8%A7%D9%84%D8%A7%D8%AB%D8%A7%D8%AB-%D8%A8%D8%B1%D8%A7%D8%A6%D8%AD%D8%A9-%D8%A7%D9%84%D8%A8%D8%B1%D8%AA%D9%82%D8%A7%D9%84-%D8%A8%D9%84%D9%8A%D8%AF%D8%AC%D8%8C/dp/B07PLDJBP8/ref=sr_1_24?crid=3TJCQFNLRUFXM&keywords=%D9%85%D9%86%D8%B8%D9%81%D8%A7%D8%AA&qid=1638746373&sprefix=%D9%85%D9%86%D8%B8%D9%81%D8%A7%2Caps%2C201&sr=8-24"
},
{
"name":"منظف زجاج برائحة الافندر من ويندكس - 500 مل",
"url":"https://www.amazon.eg/%D9%85%D9%86%D8%B8%D9%81-%D8%B2%D8%AC%D8%A7%D8%AC-%D8%A8%D8%B1%D8%A7%D8%A6%D8%AD%D8%A9-%D8%A7%D9%84%D8%A7%D9%81%D9%86%D8%AF%D8%B1-%D9%88%D9%8A%D9%86%D8%AF%D9%83%D8%B3/dp/B08YY39X2W/ref=sr_1_25?crid=3TJCQFNLRUFXM&keywords=%D9%85%D9%86%D8%B8%D9%81%D8%A7%D8%AA&qid=1638746373&sprefix=%D9%85%D9%86%D8%B8%D9%81%D8%A7%2Caps%2C201&sr=8-25"
},
{
"name":"منظف الاسطح المنزلية من فريدا 480 مل - برائحة جوز الهند",
"url":"https://www.amazon.eg/%D9%85%D9%86%D8%B8%D9%81-%D8%A7%D9%84%D8%A7%D8%B3%D8%B7%D8%AD-%D8%A7%D9%84%D9%85%D9%86%D8%B2%D9%84%D9%8A%D8%A9-%D9%81%D8%B1%D9%8A%D8%AF%D8%A7-480/dp/B0893VRC6C/ref=sr_1_26?crid=3TJCQFNLRUFXM&keywords=%D9%85%D9%86%D8%B8%D9%81%D8%A7%D8%AA&qid=1638746373&sprefix=%D9%85%D9%86%D8%B8%D9%81%D8%A7%2Caps%2C201&sr=8-26"
},
{
"name":"منظف ارضيات برائحة السهول الخضراء من ماكسيل ماجيك - 1 لتر",
"url":"https://www.amazon.eg/%D8%A7%D8%B1%D8%B6%D9%8A%D8%A7%D8%AA-%D8%A8%D8%B1%D8%A7%D8%A6%D8%AD%D8%A9-%D8%A7%D9%84%D8%AE%D8%B6%D8%B1%D8%A7%D8%A1-%D9%85%D8%A7%D9%83%D8%B3%D9%8A%D9%84-%D9%85%D8%A7%D8%AC%D9%8A%D9%83/dp/B08WJMKDFH/ref=sr_1_27?crid=3TJCQFNLRUFXM&keywords=%D9%85%D9%86%D8%B8%D9%81%D8%A7%D8%AA&qid=1638746373&sprefix=%D9%85%D9%86%D8%B8%D9%81%D8%A7%2Caps%2C201&sr=8-27"
},
{
"name":"منظف كلوركس متعدد الاغراض، 1.89 لتر",
"url":"https://www.amazon.eg/%D9%85%D9%86%D8%B8%D9%81-%D9%83%D9%84%D9%88%D8%B1%D9%83%D8%B3-%D9%85%D8%AA%D8%B9%D8%AF%D8%AF-%D8%A7%D9%84%D8%A7%D8%BA%D8%B1%D8%A7%D8%B6%D8%8C-1-89/dp/B07G9BGVQC/ref=sr_1_28?crid=3TJCQFNLRUFXM&keywords=%D9%85%D9%86%D8%B8%D9%81%D8%A7%D8%AA&qid=1638746373&sprefix=%D9%85%D9%86%D8%B8%D9%81%D8%A7%2Caps%2C201&sr=8-28"
},
{
"name":"منظف المرحاض الاصلي من هاربيك، 700 مل - 3 قطع",
"url":"https://www.amazon.eg/%D9%85%D9%86%D8%B8%D9%81-%D8%A7%D9%84%D9%85%D8%B1%D8%AD%D8%A7%D8%B6-%D8%A7%D9%84%D8%A7%D8%B5%D9%84%D9%8A-%D9%87%D8%A7%D8%B1%D8%A8%D9%8A%D9%83%D8%8C-700/dp/B07PW789GC/ref=sr_1_29?crid=3TJCQFNLRUFXM&keywords=%D9%85%D9%86%D8%B8%D9%81%D8%A7%D8%AA&qid=1638746373&sprefix=%D9%85%D9%86%D8%B8%D9%81%D8%A7%2Caps%2C201&sr=8-29"
},
{
"name":"منظف بقوة فائقة متعدد الاستخدام برائحة اللافندر من سيترس - 1 لتر",
"url":"https://www.amazon.eg/%D9%81%D8%A7%D8%A6%D9%82%D8%A9-%D8%A7%D9%84%D8%A7%D8%B3%D8%AA%D8%AE%D8%AF%D8%A7%D9%85-%D8%A8%D8%B1%D8%A7%D8%A6%D8%AD%D8%A9-%D8%A7%D9%84%D9%84%D8%A7%D9%81%D9%86%D8%AF%D8%B1-%D8%B3%D9%8A%D8%AA%D8%B1%D8%B3/dp/B084LN4M2N/ref=sr_1_30?crid=3TJCQFNLRUFXM&keywords=%D9%85%D9%86%D8%B8%D9%81%D8%A7%D8%AA&qid=1638746373&sprefix=%D9%85%D9%86%D8%B8%D9%81%D8%A7%2Caps%2C201&sr=8-30"
},
{
"name":"منظف غسالة الاطباق من سبين، زجاجتان، 250 مل",
"url":"https://www.amazon.eg/%D9%85%D9%86%D8%B8%D9%81-%D8%BA%D8%B3%D8%A7%D9%84%D8%A9-%D8%A7%D9%84%D8%A7%D8%B7%D8%A8%D8%A7%D9%82-%D8%B3%D8%A8%D9%8A%D9%86%D8%8C-%D8%B2%D8%AC%D8%A7%D8%AC%D8%AA%D8%A7%D9%86%D8%8C/dp/B08X64PS12/ref=sr_1_31?crid=3TJCQFNLRUFXM&keywords=%D9%85%D9%86%D8%B8%D9%81%D8%A7%D8%AA&qid=1638746373&sprefix=%D9%85%D9%86%D8%B8%D9%81%D8%A7%2Caps%2C201&sr=8-31"
},
{
"name":"جلاسي منظف زجاج سبراي 475 مل مع جلاسي منظف زجاج فليب توب 475 مل",
"url":"https://www.amazon.eg/%D8%AC%D9%84%D8%A7%D8%B3%D9%8A-%D9%85%D9%86%D8%B8%D9%81-%D8%B2%D8%AC%D8%A7%D8%AC-%D8%B3%D8%A8%D8%B1%D8%A7%D9%8A-%D9%81%D9%84%D9%8A%D8%A8/dp/B08WJJDQ36/ref=sr_1_32?crid=3TJCQFNLRUFXM&keywords=%D9%85%D9%86%D8%B8%D9%81%D8%A7%D8%AA&qid=1638746373&sprefix=%D9%85%D9%86%D8%B8%D9%81%D8%A7%2Caps%2C201&sr=8-32"
},
{
"name":"سبراي منظف لرائحة الاحذية لمجموعة كربون لاب من كولونيل - 125 مل",
"url":"https://www.amazon.eg/%D8%B3%D8%A8%D8%B1%D8%A7%D9%8A-%D9%84%D8%B1%D8%A7%D8%A6%D8%AD%D8%A9-%D8%A7%D9%84%D8%A7%D8%AD%D8%B0%D9%8A%D8%A9-%D9%84%D9%85%D8%AC%D9%85%D9%88%D8%B9%D8%A9-%D9%83%D9%88%D9%84%D9%88%D9%86%D9%8A%D9%84/dp/B07CNSRX2Z/ref=sr_1_33?crid=3TJCQFNLRUFXM&keywords=%D9%85%D9%86%D8%B8%D9%81%D8%A7%D8%AA&qid=1638746373&sprefix=%D9%85%D9%86%D8%B8%D9%81%D8%A7%2Caps%2C201&sr=8-33"
},
{
"name":"منظف ارضيات برائحة الليمون من ماكسيل ماجيك - 1 لتر",
"url":"https://www.amazon.eg/%D8%A7%D8%B1%D8%B6%D9%8A%D8%A7%D8%AA-%D8%A8%D8%B1%D8%A7%D8%A6%D8%AD%D8%A9-%D8%A7%D9%84%D9%84%D9%8A%D9%85%D9%88%D9%86-%D9%85%D8%A7%D9%83%D8%B3%D9%8A%D9%84-%D9%85%D8%A7%D8%AC%D9%8A%D9%83/dp/B08WJLB7GP/ref=sr_1_34?crid=3TJCQFNLRUFXM&keywords=%D9%85%D9%86%D8%B8%D9%81%D8%A7%D8%AA&qid=1638746373&sprefix=%D9%85%D9%86%D8%B8%D9%81%D8%A7%2Caps%2C201&sr=8-34"
},
{
"name":"بخاخ منظف للستانلس ستيل من ماكسيل ماجيك ، 700 مل",
"url":"https://www.amazon.eg/%D8%A8%D8%AE%D8%A7%D8%AE-%D9%85%D9%86%D8%B8%D9%81-%D9%84%D9%84%D8%B3%D8%AA%D8%A7%D9%86%D9%84%D8%B3-%D9%85%D8%A7%D9%83%D8%B3%D9%8A%D9%84-%D9%85%D8%A7%D8%AC%D9%8A%D9%83/dp/B08WJJDZLH/ref=sr_1_35?crid=3TJCQFNLRUFXM&keywords=%D9%85%D9%86%D8%B8%D9%81%D8%A7%D8%AA&qid=1638746373&sprefix=%D9%85%D9%86%D8%B8%D9%81%D8%A7%2Caps%2C201&sr=8-35"
},
{
"name":"منظف حمام مطهر برائحة اللافندر من هاربيك، قطعتين - 700 مل",
"url":"https://www.amazon.eg/%D9%85%D9%86%D8%B8%D9%81-%D8%A8%D8%B1%D8%A7%D8%A6%D8%AD%D8%A9-%D8%A7%D9%84%D9%84%D8%A7%D9%81%D9%86%D8%AF%D8%B1-%D9%87%D8%A7%D8%B1%D8%A8%D9%8A%D9%83%D8%8C-%D9%82%D8%B7%D8%B9%D8%AA%D9%8A%D9%86/dp/B092LH93HJ/ref=sr_1_36?crid=3TJCQFNLRUFXM&keywords=%D9%85%D9%86%D8%B8%D9%81%D8%A7%D8%AA&qid=1638746373&sprefix=%D9%85%D9%86%D8%B8%D9%81%D8%A7%2Caps%2C201&sr=8-36"
},
{
"name":"منظف زجاج من فريدا - 550 مل",
"url":"https://www.amazon.eg/%D9%85%D9%86%D8%B8%D9%81-%D8%B2%D8%AC%D8%A7%D8%AC-%D9%85%D9%86-%D9%81%D8%B1%D9%8A%D8%AF%D8%A7-550/dp/B08WJNFFVH/ref=sr_1_37?crid=3TJCQFNLRUFXM&keywords=%D9%85%D9%86%D8%B8%D9%81%D8%A7%D8%AA&qid=1638746373&sprefix=%D9%85%D9%86%D8%B8%D9%81%D8%A7%2Caps%2C201&sr=8-37"
},
{
"name":"منظف كريمي متعدد الاستخدام عادي من سيف - 500 مل",
"url":"https://www.amazon.eg/%D9%85%D9%86%D8%B8%D9%81-%D9%83%D8%B1%D9%8A%D9%85%D9%8A-%D9%85%D8%AA%D8%B9%D8%AF%D8%AF-%D8%A7%D9%84%D8%A7%D8%B3%D8%AA%D8%AE%D8%AF%D8%A7%D9%85-%D8%B3%D9%8A%D9%81/dp/B08WJNBXW4/ref=sr_1_38?crid=3TJCQFNLRUFXM&keywords=%D9%85%D9%86%D8%B8%D9%81%D8%A7%D8%AA&qid=1638746373&sprefix=%D9%85%D9%86%D8%B8%D9%81%D8%A7%2Caps%2C201&sr=8-38"
},
{
"name":"منظف ومطهر منزلي 5X1 برائحة نسيم البحر من كلوركس - 700 مل",
"url":"https://www.amazon.eg/%D9%88%D9%85%D8%B7%D9%87%D8%B1-%D9%85%D9%86%D8%B2%D9%84%D9%8A-%D8%A8%D8%B1%D8%A7%D8%A6%D8%AD%D8%A9-%D8%A7%D9%84%D8%A8%D8%AD%D8%B1-%D9%83%D9%84%D9%88%D8%B1%D9%83%D8%B3/dp/B08WJMNGJR/ref=sr_1_39?crid=3TJCQFNLRUFXM&keywords=%D9%85%D9%86%D8%B8%D9%81%D8%A7%D8%AA&qid=1638746373&sprefix=%D9%85%D9%86%D8%B8%D9%81%D8%A7%2Caps%2C201&sr=8-39"
},
{
"name":"منظف زجاج الاصلي من ويندكس - 500 مل",
"url":"https://www.amazon.eg/%D9%85%D9%86%D8%B8%D9%81-%D8%B2%D8%AC%D8%A7%D8%AC-%D8%A7%D9%84%D8%A7%D8%B5%D9%84%D9%8A-%D9%85%D9%86-%D9%88%D9%8A%D9%86%D8%AF%D9%83%D8%B3/dp/B08WJMB52C/ref=sr_1_40?crid=3TJCQFNLRUFXM&keywords=%D9%85%D9%86%D8%B8%D9%81%D8%A7%D8%AA&qid=1638746373&sprefix=%D9%85%D9%86%D8%B8%D9%81%D8%A7%2Caps%2C201&sr=8-40"
},
{
"name":"بخاخ منظف للحمامات من ماكسيل ماجيك ، 700 مل",
"url":"https://www.amazon.eg/%D8%A8%D8%AE%D8%A7%D8%AE-%D9%85%D9%86%D8%B8%D9%81-%D9%84%D9%84%D8%AD%D9%85%D8%A7%D9%85%D8%A7%D8%AA-%D9%85%D8%A7%D9%83%D8%B3%D9%8A%D9%84-%D9%85%D8%A7%D8%AC%D9%8A%D9%83/dp/B08WJMLBXN/ref=sr_1_41?crid=3TJCQFNLRUFXM&keywords=%D9%85%D9%86%D8%B8%D9%81%D8%A7%D8%AA&qid=1638746373&sprefix=%D9%85%D9%86%D8%B8%D9%81%D8%A7%2Caps%2C201&sr=8-41"
},
{
"name":"منظف ومطهر الارضيات من فريدا برائحة الصنوبر- 2 لتر",
"url":"https://www.amazon.eg/%D9%88%D9%85%D8%B7%D9%87%D8%B1-%D8%A7%D9%84%D8%A7%D8%B1%D8%B6%D9%8A%D8%A7%D8%AA-%D9%81%D8%B1%D9%8A%D8%AF%D8%A7-%D8%A8%D8%B1%D8%A7%D8%A6%D8%AD%D8%A9-%D8%A7%D9%84%D8%B5%D9%86%D9%88%D8%A8%D8%B1/dp/B08941MG5G/ref=sr_1_42?crid=3TJCQFNLRUFXM&keywords=%D9%85%D9%86%D8%B8%D9%81%D8%A7%D8%AA&qid=1638746373&sprefix=%D9%85%D9%86%D8%B8%D9%81%D8%A7%2Caps%2C201&sr=8-42"
},
{
"name":"منظف الزجاج الفعال جرين كلين متعدد الاستخدام من العملاق - 690 مل",
"url":"https://www.amazon.eg/%D8%A7%D9%84%D8%B2%D8%AC%D8%A7%D8%AC-%D8%A7%D9%84%D9%81%D8%B9%D8%A7%D9%84-%D9%85%D8%AA%D8%B9%D8%AF%D8%AF-%D8%A7%D9%84%D8%A7%D8%B3%D8%AA%D8%AE%D8%AF%D8%A7%D9%85-%D8%A7%D9%84%D8%B9%D9%85%D9%84%D8%A7%D9%82/dp/B08FHM99KS/ref=sr_1_43?crid=3TJCQFNLRUFXM&keywords=%D9%85%D9%86%D8%B8%D9%81%D8%A7%D8%AA&qid=1638746373&sprefix=%D9%85%D9%86%D8%B8%D9%81%D8%A7%2Caps%2C201&sr=8-43"
},
{
"name":"منظف السيفون بقوة المياه الزرقاء من بيورا",
"url":"https://www.amazon.eg/%D9%85%D9%86%D8%B8%D9%81-%D8%A7%D9%84%D8%B3%D9%8A%D9%81%D9%88%D9%86-%D8%A7%D9%84%D9%85%D9%8A%D8%A7%D9%87-%D8%A7%D9%84%D8%B2%D8%B1%D9%82%D8%A7%D8%A1-%D8%A8%D9%8A%D9%88%D8%B1%D8%A7/dp/B08X68PP88/ref=sr_1_44?crid=3TJCQFNLRUFXM&keywords=%D9%85%D9%86%D8%B8%D9%81%D8%A7%D8%AA&qid=1638746373&sprefix=%D9%85%D9%86%D8%B8%D9%81%D8%A7%2Caps%2C201&sr=8-44"
},
{
"name":"Big Book of Beginner's Piano Classics: 83 Favorite Pieces in Easy Piano Arrangements with Downloadable Mp3s",
"url":"https://www.amazon.eg/dp/0486466159/ref=sr_1_45?crid=3TJCQFNLRUFXM&keywords=%D9%85%D9%86%D8%B8%D9%81%D8%A7%D8%AA&qid=1638746373&sprefix=%D9%85%D9%86%D8%B8%D9%81%D8%A7%2Caps%2C201&sr=8-45"
},
{
"name":"ماكسيل منظف حمام 700 مل اوكسى جين و ماكسيل منظف حمام زيرو 700 مل",
"url":"https://www.amazon.eg/%D9%85%D8%A7%D9%83%D8%B3%D9%8A%D9%84-%D9%85%D9%86%D8%B8%D9%81-%D8%AD%D9%85%D8%A7%D9%85-%D8%A7%D9%88%D9%83%D8%B3%D9%89-%D8%B2%D9%8A%D8%B1%D9%88/dp/B08WJL48TF/ref=sr_1_46?crid=3TJCQFNLRUFXM&keywords=%D9%85%D9%86%D8%B8%D9%81%D8%A7%D8%AA&qid=1638746373&sprefix=%D9%85%D9%86%D8%B8%D9%81%D8%A7%2Caps%2C201&sr=8-46"
},
{
"name":"منظف ومطهر الارضيات من فريدا برائحة اللافندر- 2 لتر",
"url":"https://www.amazon.eg/%D9%88%D9%85%D8%B7%D9%87%D8%B1-%D8%A7%D9%84%D8%A7%D8%B1%D8%B6%D9%8A%D8%A7%D8%AA-%D9%81%D8%B1%D9%8A%D8%AF%D8%A7-%D8%A8%D8%B1%D8%A7%D8%A6%D8%AD%D8%A9-%D8%A7%D9%84%D9%84%D8%A7%D9%81%D9%86%D8%AF%D8%B1/dp/B08FZX2WKZ/ref=sr_1_47?crid=3TJCQFNLRUFXM&keywords=%D9%85%D9%86%D8%B8%D9%81%D8%A7%D8%AA&qid=1638746373&sprefix=%D9%85%D9%86%D8%B8%D9%81%D8%A7%2Caps%2C201&sr=8-47"
},
{
"name":"منظف ارضيات بدون شطف من ماكسيل ماجيك، ثلج الشتاء - 1.8 لتر",
"url":"https://www.amazon.eg/%D9%85%D9%86%D8%B8%D9%81-%D8%A7%D8%B1%D8%B6%D9%8A%D8%A7%D8%AA-%D9%85%D8%A7%D9%83%D8%B3%D9%8A%D9%84-%D9%85%D8%A7%D8%AC%D9%8A%D9%83%D8%8C-%D8%A7%D9%84%D8%B4%D8%AA%D8%A7%D8%A1/dp/B091NYFVWK/ref=sr_1_48?crid=3TJCQFNLRUFXM&keywords=%D9%85%D9%86%D8%B8%D9%81%D8%A7%D8%AA&qid=1638746373&sprefix=%D9%85%D9%86%D8%B8%D9%81%D8%A7%2Caps%2C201&sr=8-48"
}
]
}
