{
    "cooking":[
    {
    "name":"زيت عباد الشمس سبراي من كريستال - 200 مل",
    "url":"https://www.amazon.eg/%D8%B2%D9%8A%D8%AA-%D8%B9%D8%A8%D8%A7%D8%AF-%D8%A7%D9%84%D8%B4%D9%85%D8%B3-%D8%B3%D8%A8%D8%B1%D8%A7%D9%8A-%D9%83%D8%B1%D9%8A%D8%B3%D8%AA%D8%A7%D9%84/dp/B08YY4YSYG/ref=lp_26111028031_1_1"
    },
    {
    "name":"زيت خليط هدية، 4.5 لتر",
    "url":"https://www.amazon.eg/%D8%B2%D9%8A%D8%AA-%D8%AE%D9%84%D9%8A%D8%B7-%D9%87%D8%AF%D9%8A%D8%A9%D8%8C-4-5-%D9%84%D8%AA%D8%B1/dp/B07VR6KFRN/ref=lp_26111028031_1_2"
    },
    {
    "name":"فانيلين بالسكر من كوكس، 100 ظرف - 1 جم",
    "url":"https://www.amazon.eg/%D9%81%D8%A7%D9%86%D9%8A%D9%84%D9%8A%D9%86-%D8%A8%D8%A7%D9%84%D8%B3%D9%83%D8%B1-%D9%83%D9%88%D9%83%D8%B3%D8%8C-100-%D8%B8%D8%B1%D9%81/dp/B08WJNLMBM/ref=lp_26111028031_1_3"
    },
    {
    "name":"مكسبات اللون من فوستر كلاركس باللون الاصفر - 28 مل",
    "url":"https://www.amazon.eg/%D9%85%D9%83%D8%B3%D8%A8%D8%A7%D8%AA-%D9%81%D9%88%D8%B3%D8%AA%D8%B1-%D9%83%D9%84%D8%A7%D8%B1%D9%83%D8%B3-%D8%A8%D8%A7%D9%84%D9%84%D9%88%D9%86-%D8%A7%D9%84%D8%A7%D8%B5%D9%81%D8%B1/dp/B07NQJR1QL/ref=lp_26111028031_1_4"
    },
    {
    "name":"خل طبيعي الطاووس - باندل ٤ زجاجات ١ لتر + ظرف طحينه هديه",
    "url":"https://www.amazon.eg/%D8%AE%D9%84-%D8%B7%D8%A8%D9%8A%D8%B9%D9%8A-%D8%A7%D9%84%D8%B7%D8%A7%D9%88%D9%88%D8%B3-%D8%A8%D8%A7%D9%86%D8%AF%D9%84-%D8%B2%D8%AC%D8%A7%D8%AC%D8%A7%D8%AA/dp/B09JMYM6K3/ref=lp_26111028031_1_5"
    },
    {
    "name":"دقيق اللوز الطبيعي العضوي -250 جم",
    "url":"https://www.amazon.eg/%D8%AF%D9%82%D9%8A%D9%82-%D8%A7%D9%84%D9%84%D9%88%D8%B2-%D8%A7%D9%84%D8%B7%D8%A8%D9%8A%D8%B9%D9%8A-%D8%A7%D9%84%D8%B9%D8%B6%D9%88%D9%8A-250/dp/B09GMSTJ7V/ref=lp_26111028031_1_6"
    },
    {
    "name":"مارشميللو ملفوف نيماللو تويستس من مللي نيم - 60 جم",
    "url":"https://www.amazon.eg/%D9%85%D8%A7%D8%B1%D8%B4%D9%85%D9%8A%D9%84%D9%84%D9%88-%D9%86%D9%8A%D9%85%D8%A7%D9%84%D9%84%D9%88-%D8%AA%D9%88%D9%8A%D8%B3%D8%AA%D8%B3-%D9%85%D9%84%D9%84%D9%8A-%D9%86%D9%8A%D9%85/dp/B08WJKVH3B/ref=lp_26111028031_1_7"
    },
    {
    "name":"كيس حليب بودرة كامل الدسم من ميرو - 1600 غم",
    "url":"https://www.amazon.eg/%D8%AD%D9%84%D9%8A%D8%A8-%D8%A8%D9%88%D8%AF%D8%B1%D8%A9-%D9%83%D8%A7%D9%85%D9%84-%D8%A7%D9%84%D8%AF%D8%B3%D9%85-%D9%85%D9%8A%D8%B1%D9%88/dp/B07DWDXW2N/ref=lp_26111028031_1_8"
    },
    {
    "name":"زيت الذرة بلس من عافيا، 2.2 لتر",
    "url":"https://www.amazon.eg/%D8%B2%D9%8A%D8%AA-%D8%A7%D9%84%D8%B0%D8%B1%D8%A9-%D8%A8%D9%84%D8%B3-%D8%B9%D8%A7%D9%81%D9%8A%D8%A7%D8%8C-2-2/dp/B09JGLPRK1/ref=lp_26111028031_1_9"
    },
    {
    "name":"ملون طعام جل من دوبيلا، 30 مل - اصفر",
    "url":"https://www.amazon.eg/%D9%85%D9%84%D9%88%D9%86-%D8%B7%D8%B9%D8%A7%D9%85-%D8%AC%D9%84-%D9%85%D9%86-%D8%AF%D9%88%D8%A8%D9%8A%D9%84%D8%A7%D8%8C/dp/B08YY3RC4K/ref=lp_26111028031_1_10"
    },
    {
    "name":"خل طبيعي الطاووس - ٩٠٠ مل",
    "url":"https://www.amazon.eg/%D8%AE%D9%84-%D8%B7%D8%A8%D9%8A%D8%B9%D9%8A-%D8%A7%D9%84%D8%B7%D8%A7%D9%88%D9%88%D8%B3-%D9%A9%D9%A0%D9%A0-%D9%85%D9%84/dp/B09HKZB892/ref=lp_26111028031_1_11"
    },
    {
    "name":"شوكولاتة بيضاء خام للطبخ من دريم ، 200 جم",
    "url":"https://www.amazon.eg/%D8%B4%D9%88%D9%83%D9%88%D9%84%D8%A7%D8%AA%D8%A9-%D8%A8%D9%8A%D8%B6%D8%A7%D8%A1-%D8%AE%D8%A7%D9%85-%D9%84%D9%84%D8%B7%D8%A8%D8%AE-%D8%AF%D8%B1%D9%8A%D9%85/dp/B07DC7H4JD/ref=lp_26111028031_1_12"
    }
    ]
    }
    
    {
    "selection1":[
    {
    "name":"ارز مصرى الضحى 5 كيلو",
    "url":"https://www.amazon.eg/%D8%A7%D8%B1%D8%B2-%D9%85%D8%B5%D8%B1%D9%89-%D8%A7%D9%84%D8%B6%D8%AD%D9%89-5-%D9%83%D9%8A%D9%84%D9%88/dp/B00XHWTK36/ref=sr_1_1?qid=1638747098&s=grocery&sr=1-1"
    },
    {
    "name":"ارز سوهاجى، 5 كجم",
    "url":"https://www.amazon.eg/%D8%A7%D9%84%D8%B3%D9%88%D9%87%D8%A7%D8%AC%D9%89-%D8%A7%D8%B1%D8%B2-%D8%B3%D9%88%D9%87%D8%A7%D8%AC%D9%89%D8%8C-5-%D9%83%D8%AC%D9%85/dp/B0093053V4/ref=sr_1_2?qid=1638747098&s=grocery&sr=1-2"
    },
    {
    "name":"المطبخ ارز مصري، 1 كجم",
    "url":"https://www.amazon.eg/%D8%A7%D9%84%D9%85%D8%B7%D8%A8%D8%AE-%D8%A7%D8%B1%D8%B2-%D9%85%D8%B5%D8%B1%D9%8A%D8%8C-1-%D9%83%D8%AC%D9%85/dp/B07DVGGMCL/ref=sr_1_3?qid=1638747098&s=grocery&sr=1-3"
    },
    {
    "name":"المطبخ المصرى مكرونة فرن ، 400 جرام",
    "url":"https://www.amazon.eg/%D8%A7%D9%84%D9%85%D8%B7%D8%A8%D8%AE-%D8%A7%D9%84%D9%85%D8%B5%D8%B1%D9%89-%D9%85%D9%83%D8%B1%D9%88%D9%86%D8%A9-%D9%81%D8%B1%D9%86-%D8%AC%D8%B1%D8%A7%D9%85/dp/B07FZMDL1X/ref=sr_1_4?qid=1638747098&s=grocery&sr=1-4"
    },
    {
    "name":"معكرونة فيتوتشيني ايطاليانو-400جم",
    "url":"https://www.amazon.eg/%D8%A7%D9%8A%D8%B7%D8%A7%D9%84%D9%8A%D8%A7%D9%86%D9%88-%D9%85%D8%B9%D9%83%D8%B1%D9%88%D9%86%D8%A9-%D9%81%D9%8A%D8%AA%D9%88%D8%AA%D8%B4%D9%8A%D9%86%D9%8A-%D8%A7%D9%8A%D8%B7%D8%A7%D9%84%D9%8A%D8%A7%D9%86%D9%88-400%D8%AC%D9%85/dp/B07BYPSDZV/ref=sr_1_5?qid=1638747098&s=grocery&sr=1-5"
    },
    {
    "name":"المطبخ ارز مصري، 5 كجم",
    "url":"https://www.amazon.eg/%D8%A7%D9%84%D9%85%D8%B7%D8%A8%D8%AE-%D8%A7%D8%B1%D8%B2-%D9%85%D8%B5%D8%B1%D9%8A%D8%8C-5-%D9%83%D8%AC%D9%85/dp/B07DVPB1CL/ref=sr_1_6?qid=1638747098&s=grocery&sr=1-6"
    },
    {
    "name":"ارز مصرى الضحى 1 كيلو",
    "url":"https://www.amazon.eg/%D8%A7%D8%B1%D8%B2-%D9%85%D8%B5%D8%B1%D9%89-%D8%A7%D9%84%D8%B6%D8%AD%D9%89-1-%D9%83%D9%8A%D9%84%D9%88/dp/B00FFE8TDG/ref=sr_1_7?qid=1638747098&s=grocery&sr=1-7"
    },
    {
    "name":"مكرونة شعيرية الملكة - 1 كغ",
    "url":"https://www.amazon.eg/%D9%85%D9%83%D8%B1%D9%88%D9%86%D8%A9-%D8%B4%D8%B9%D9%8A%D8%B1%D9%8A%D8%A9-%D8%A7%D9%84%D9%85%D9%84%D9%83%D8%A9-1-%D9%83%D8%BA/dp/B01JRXHCOW/ref=sr_1_8?qid=1638747098&s=grocery&sr=1-8"
    },
    {
    "name":"كيس شعرية من لمتنا، 400 جرام",
    "url":"https://www.amazon.eg/%D9%83%D9%8A%D8%B3-%D8%B4%D8%B9%D8%B1%D9%8A%D8%A9-%D9%84%D9%85%D8%AA%D9%86%D8%A7%D8%8C-400-%D8%AC%D8%B1%D8%A7%D9%85/dp/B09CF1WPPB/ref=sr_1_9?qid=1638747098&s=grocery&sr=1-9"
    },
    {
    "name":"كيس مكرونة فرن من فينيسيا، 400 جرام",
    "url":"https://www.amazon.eg/%D9%83%D9%8A%D8%B3-%D9%85%D9%83%D8%B1%D9%88%D9%86%D8%A9-%D9%81%D8%B1%D9%86-%D9%81%D9%8A%D9%86%D9%8A%D8%B3%D9%8A%D8%A7%D8%8C-%D8%AC%D8%B1%D8%A7%D9%85/dp/B09FN5VX13/ref=sr_1_10?qid=1638747098&s=grocery&sr=1-10"
    },
    {
    "name":"المطبخ المصرى لسان عصفور، 400 جرام",
    "url":"https://www.amazon.eg/%D8%A7%D9%84%D9%85%D8%B7%D8%A8%D8%AE-%D8%A7%D9%84%D9%85%D8%B5%D8%B1%D9%89-%D9%84%D8%B3%D8%A7%D9%86-%D8%B9%D8%B5%D9%81%D9%88%D8%B1%D8%8C-%D8%AC%D8%B1%D8%A7%D9%85/dp/B07CBHXPJY/ref=sr_1_11?qid=1638747098&s=grocery&sr=1-11"
    },
    {
    "name":"المطبخ المصرى مكرونة خواتم، 400 جرام",
    "url":"https://www.amazon.eg/%D8%A7%D9%84%D9%85%D8%B7%D8%A8%D8%AE-%D8%A7%D9%84%D9%85%D8%B5%D8%B1%D9%89-%D9%85%D9%83%D8%B1%D9%88%D9%86%D8%A9-%D8%AE%D9%88%D8%A7%D8%AA%D9%85%D8%8C-%D8%AC%D8%B1%D8%A7%D9%85/dp/B07BZ448QJ/ref=sr_1_12?qid=1638747098&s=grocery&sr=1-12"
    },
    {
    "name":"كيس مكرونة هلالية من لمتنا، 400 جرام",
    "url":"https://www.amazon.eg/%D9%83%D9%8A%D8%B3-%D9%85%D9%83%D8%B1%D9%88%D9%86%D8%A9-%D9%87%D9%84%D8%A7%D9%84%D9%8A%D8%A9-%D9%84%D9%85%D8%AA%D9%86%D8%A7%D8%8C-%D8%AC%D8%B1%D8%A7%D9%85/dp/B09CF37XG4/ref=sr_1_13?qid=1638747098&s=grocery&sr=1-13"
    },
    {
    "name":"كيس مكرونة اسباجيتي من فينيسيا - 400 جرام",
    "url":"https://www.amazon.eg/%D9%83%D9%8A%D8%B3-%D9%85%D9%83%D8%B1%D9%88%D9%86%D8%A9-%D8%A7%D8%B3%D8%A8%D8%A7%D8%AC%D9%8A%D8%AA%D9%8A-%D9%85%D9%86-%D9%81%D9%8A%D9%86%D9%8A%D8%B3%D9%8A%D8%A7/dp/B09FMXV9XZ/ref=sr_1_14?qid=1638747098&s=grocery&sr=1-14"
    },
    {
    "name":"ايطاليانو معكرونة مكروني - 400 جم",
    "url":"https://www.amazon.eg/%D8%A7%D9%8A%D8%B7%D8%A7%D9%84%D9%8A%D8%A7%D9%86%D9%88-%D9%85%D8%B9%D9%83%D8%B1%D9%88%D9%86%D8%A9-%D9%85%D9%83%D8%B1%D9%88%D9%86%D9%8A-400-%D8%AC%D9%85/dp/B07FZN9VYC/ref=sr_1_15?qid=1638747098&s=grocery&sr=1-15"
    },
    {
    "name":"ارز ابيض مصري من ريحانة، 5 كجم",
    "url":"https://www.amazon.eg/%D8%A7%D8%B1%D8%B2-%D8%A7%D8%A8%D9%8A%D8%B6-%D9%85%D8%B5%D8%B1%D9%8A-%D8%B1%D9%8A%D8%AD%D8%A7%D9%86%D8%A9%D8%8C-%D9%83%D8%AC%D9%85/dp/B07RRQY8F5/ref=sr_1_16?qid=1638747098&s=grocery&sr=1-16"
    },
    {
    "name":"مكرونة فرن ريجا من ريجينا، 10 مم - 400 جم",
    "url":"https://www.amazon.eg/%D9%85%D9%83%D8%B1%D9%88%D9%86%D8%A9-%D9%81%D8%B1%D9%86-%D8%B1%D9%8A%D8%AC%D8%A7-%D9%85%D9%86-%D8%B1%D9%8A%D8%AC%D9%8A%D9%86%D8%A7%D8%8C/dp/B01A0ZQHBU/ref=sr_1_17?qid=1638747098&s=grocery&sr=1-17"
    },
    {
    "name":"مكرونة مرمريه من ريجينا، 6 مم - 400 جم",
    "url":"https://www.amazon.eg/%D9%85%D9%83%D8%B1%D9%88%D9%86%D8%A9-%D9%85%D8%B1%D9%85%D8%B1%D9%8A%D9%87-%D9%85%D9%86-%D8%B1%D9%8A%D8%AC%D9%8A%D9%86%D8%A7%D8%8C-%D9%85%D9%85/dp/B014FJ9PQ6/ref=sr_1_18?qid=1638747098&s=grocery&sr=1-18"
    },
    {
    "name":"مكرونة فرن من ستار - 1 كجم",
    "url":"https://www.amazon.eg/%D9%85%D9%83%D8%B1%D9%88%D9%86%D8%A9-%D9%81%D8%B1%D9%86-%D9%85%D9%86-%D8%B3%D8%AA%D8%A7%D8%B1-%D9%83%D8%AC%D9%85/dp/B08WJM92LK/ref=sr_1_19?qid=1638747098&s=grocery&sr=1-19"
    },
    {
    "name":"كيس مكرونة مرمرية من لمتنا، 400 جرام",
    "url":"https://www.amazon.eg/%D9%83%D9%8A%D8%B3-%D9%85%D9%83%D8%B1%D9%88%D9%86%D8%A9-%D9%85%D8%B1%D9%85%D8%B1%D9%8A%D8%A9-%D9%84%D9%85%D8%AA%D9%86%D8%A7%D8%8C-%D8%AC%D8%B1%D8%A7%D9%85/dp/B09CDZYMD3/ref=sr_1_20?qid=1638747098&s=grocery&sr=1-20"
    },
    {
    "name":"كيس لسان عصفور من لمتنا، 400 جرام",
    "url":"https://www.amazon.eg/%D9%83%D9%8A%D8%B3-%D9%84%D8%B3%D8%A7%D9%86-%D8%B9%D8%B5%D9%81%D9%88%D8%B1-%D9%84%D9%85%D8%AA%D9%86%D8%A7%D8%8C-%D8%AC%D8%B1%D8%A7%D9%85/dp/B09CF1K52S/ref=sr_1_21?qid=1638747098&s=grocery&sr=1-21"
    },
    {
    "name":"مكرونة لسان عصفور من ريجينا",
    "url":"https://www.amazon.eg/%D9%85%D9%83%D8%B1%D9%88%D9%86%D8%A9-%D9%84%D8%B3%D8%A7%D9%86-%D8%B9%D8%B5%D9%81%D9%88%D8%B1-%D9%85%D9%86-%D8%B1%D9%8A%D8%AC%D9%8A%D9%86%D8%A7/dp/B015FOH25G/ref=sr_1_22?qid=1638747098&s=grocery&sr=1-22"
    },
    {
    "name":"غالية مكرونة اسباجيتي كيس 1 كجم",
    "url":"https://www.amazon.eg/%D8%BA%D8%A7%D9%84%D9%8A%D8%A9-%D9%85%D9%83%D8%B1%D9%88%D9%86%D8%A9-%D8%A7%D8%B3%D8%A8%D8%A7%D8%AC%D9%8A%D8%AA%D9%8A-%D9%83%D9%8A%D8%B3-%D9%83%D8%AC%D9%85/dp/B09FN2QRZC/ref=sr_1_23?qid=1638747098&s=grocery&sr=1-23"
    },
    {
    "name":"معكرونة مكروني ايطاليانو-400جم",
    "url":"https://www.amazon.eg/%D8%A7%D9%8A%D8%B7%D8%A7%D9%84%D9%8A%D8%A7%D9%86%D9%88-%D9%85%D8%B9%D9%83%D8%B1%D9%88%D9%86%D8%A9-%D9%85%D9%83%D8%B1%D9%88%D9%86%D9%8A-%D8%A7%D9%8A%D8%B7%D8%A7%D9%84%D9%8A%D8%A7%D9%86%D9%88-400%D8%AC%D9%85/dp/B00VHV3HK6/ref=sr_1_24?qid=1638747098&s=grocery&sr=1-24"
    }
    ]
    }