{
    "Drinking":[
    {
    "name":"كرتونة زجاجات مياه معدنية نستله، 20 زجاجة- 0.60 لتر",
    "url":"https://www.amazon.eg/%D9%83%D8%B1%D8%AA%D9%88%D9%86%D8%A9-%D8%B2%D8%AC%D8%A7%D8%AC%D8%A7%D8%AA-%D9%85%D8%B9%D8%AF%D9%86%D9%8A%D8%A9-%D9%86%D8%B3%D8%AA%D9%84%D9%87%D8%8C-%D8%B2%D8%AC%D8%A7%D8%AC%D8%A9/dp/B00UJO9UEY/ref=zg_bs_21840248031_1?_encoding=UTF8&psc=1&refRID=92PEF99CR73H89N0D4M2"
    },
    {
    "name":"كرتونة مياه نستله 12 زجاجة، 1.5 لتر",
    "url":"https://www.amazon.eg/%D9%83%D8%B1%D8%AA%D9%88%D9%86%D8%A9-%D9%85%D9%8A%D8%A7%D9%87-%D9%86%D8%B3%D8%AA%D9%84%D9%87-%D8%B2%D8%AC%D8%A7%D8%AC%D8%A9%D8%8C-1-5/dp/B091NXNTVD/ref=zg_bs_21840248031_2?_encoding=UTF8&psc=1&refRID=92PEF99CR73H89N0D4M2"
    },
    {
    "name":"جالون مياه شرب طبيعية من ايلانو - 18.9 لتر",
    "url":"https://www.amazon.eg/%D8%AC%D8%A7%D9%84%D9%88%D9%86-%D9%85%D9%8A%D8%A7%D9%87-%D8%B4%D8%B1%D8%A8-%D8%B7%D8%A8%D9%8A%D8%B9%D9%8A%D8%A9-%D8%A7%D9%8A%D9%84%D8%A7%D9%86%D9%88/dp/B08Z48211M/ref=zg_bs_21840248031_3?_encoding=UTF8&psc=1&refRID=92PEF99CR73H89N0D4M2"
    },
    {
    "name":"قهوة سريعة التحضير من نسكافيه جولد 200 جرام",
    "url":"https://www.amazon.eg/%D9%82%D9%87%D9%88%D8%A9-%D8%B3%D8%B1%D9%8A%D8%B9%D8%A9-%D8%A7%D9%84%D8%AA%D8%AD%D8%B6%D9%8A%D8%B1-%D9%86%D8%B3%D9%83%D8%A7%D9%81%D9%8A%D9%87-%D8%AC%D9%88%D9%84%D8%AF/dp/B07MVKZ51T/ref=zg_bs_21840248031_4?_encoding=UTF8&psc=1&refRID=92PEF99CR73H89N0D4M2"
    },
    {
    "name":"بونجورنو كوفي ميكس 12 جرام ظرف",
    "url":"https://www.amazon.eg/%D8%A8%D9%88%D9%86%D8%AC%D9%88%D8%B1%D9%86%D9%88-%D9%83%D9%88%D9%81%D9%8A-%D9%85%D9%8A%D9%83%D8%B3-%D8%AC%D8%B1%D8%A7%D9%85-%D8%B8%D8%B1%D9%81/dp/B00KK6QFTE/ref=zg_bs_21840248031_5?_encoding=UTF8&psc=1&refRID=92PEF99CR73H89N0D4M2"
    },
    {
    "name":"شاي كرك من مصر كافيه، 25 جم",
    "url":"https://www.amazon.eg/%D8%B4%D8%A7%D9%8A-%D9%83%D8%B1%D9%83-%D9%85%D9%86-%D9%85%D8%B5%D8%B1-%D9%83%D8%A7%D9%81%D9%8A%D9%87%D8%8C/dp/B01JSDLGKC/ref=zg_bs_21840248031_6?_encoding=UTF8&psc=1&refRID=92PEF99CR73H89N0D4M2"
    },
    {
    "name":"داسـاني 600 مل، 20 علبة",
    "url":"https://www.amazon.eg/%D8%AF%D8%A7%D8%B3%D9%80%D8%A7%D9%86%D9%8A-600-%D9%85%D9%84%D8%8C-20-%D8%B9%D9%84%D8%A8%D8%A9/dp/B08451LPRF/ref=zg_bs_21840248031_7?_encoding=UTF8&psc=1&refRID=92PEF99CR73H89N0D4M2"
    },
    {
    "name":"زجاجة مياه من ايــــلانو، 12 قطعة - 1.50 لتر",
    "url":"https://www.amazon.eg/%D8%B2%D8%AC%D8%A7%D8%AC%D8%A9-%D9%85%D9%8A%D8%A7%D9%87-%D9%85%D9%86-%D8%A7%D9%8A%D9%80%D9%80%D9%80%D9%80%D9%84%D8%A7%D9%86%D9%88%D8%8C-%D9%82%D8%B7%D8%B9%D8%A9/dp/B08WJND94N/ref=zg_bs_21840248031_8?_encoding=UTF8&psc=1&refRID=92PEF99CR73H89N0D4M2"
    },
    {
    "name":"شاي اسود بالعلامة الصفراء من ليبتون - 100 جم",
    "url":"https://www.amazon.eg/%D8%B4%D8%A7%D9%8A-%D8%A7%D8%B3%D9%88%D8%AF-%D8%A8%D8%A7%D9%84%D8%B9%D9%84%D8%A7%D9%85%D8%A9-%D8%A7%D9%84%D8%B5%D9%81%D8%B1%D8%A7%D8%A1-%D9%84%D9%8A%D8%A8%D8%AA%D9%88%D9%86/dp/B08WJNDD3W/ref=zg_bs_21840248031_9?_encoding=UTF8&psc=1&refRID=92PEF99CR73H89N0D4M2"
    },
    {
    "name":"شاي اسود العلامة الصفراء من ليبتون - 400 جم",
    "url":"https://www.amazon.eg/%D8%B4%D8%A7%D9%8A-%D8%A7%D8%B3%D9%88%D8%AF-%D8%A7%D9%84%D8%B9%D9%84%D8%A7%D9%85%D8%A9-%D8%A7%D9%84%D8%B5%D9%81%D8%B1%D8%A7%D8%A1-%D9%84%D9%8A%D8%A8%D8%AA%D9%88%D9%86/dp/B08L2KVY1V/ref=zg_bs_21840248031_10?_encoding=UTF8&psc=1&refRID=92PEF99CR73H89N0D4M2"
    },
    {
    "name":"مشروب كاكاو شوكولاتة من كوكس - 60 جم",
    "url":"https://www.amazon.eg/%D9%85%D8%B4%D8%B1%D9%88%D8%A8-%D9%83%D8%A7%D9%83%D8%A7%D9%88-%D8%B4%D9%88%D9%83%D9%88%D9%84%D8%A7%D8%AA%D8%A9-%D9%85%D9%86-%D9%83%D9%88%D9%83%D8%B3/dp/B0846JY99C/ref=zg_bs_21840248031_11?_encoding=UTF8&psc=1&refRID=92PEF99CR73H89N0D4M2"
    },
    {
    "name":"قهوة سريعة التحضير 2 في 1 اوريجينال ميكس من نسكافيه، 24 كيس - 10 جم",
    "url":"https://www.amazon.eg/%D9%82%D9%87%D9%88%D8%A9-%D8%B3%D8%B1%D9%8A%D8%B9%D8%A9-%D8%A7%D9%84%D8%AA%D8%AD%D8%B6%D9%8A%D8%B1-%D8%A7%D9%88%D8%B1%D9%8A%D8%AC%D9%8A%D9%86%D8%A7%D9%84-%D9%86%D8%B3%D9%83%D8%A7%D9%81%D9%8A%D9%87%D8%8C/dp/B08Z42WY7T/ref=zg_bs_21840248031_12?_encoding=UTF8&psc=1&refRID=92PEF99CR73H89N0D4M2"
    },
    {
    "name":"مشروب شعير طبيعي خالي من الكحول من بيريل - 330 مل",
    "url":"https://www.amazon.eg/%D9%85%D8%B4%D8%B1%D9%88%D8%A8-%D8%B4%D8%B9%D9%8A%D8%B1-%D8%B7%D8%A8%D9%8A%D8%B9%D9%8A-%D8%A7%D9%84%D9%83%D8%AD%D9%88%D9%84-%D8%A8%D9%8A%D8%B1%D9%8A%D9%84/dp/B00TC60FCG/ref=zg_bs_21840248031_13?_encoding=UTF8&psc=1&refRID=92PEF99CR73H89N0D4M2"
    },
    {
    "name":"نسكافيه كلاسيك، قهوة سريعة التحضير، برطمان 200 غ",
    "url":"https://www.amazon.eg/%D9%86%D8%B3%D9%83%D8%A7%D9%81%D9%8A%D9%87-%D9%83%D9%84%D8%A7%D8%B3%D9%8A%D9%83%D8%8C-%D8%B3%D8%B1%D9%8A%D8%B9%D8%A9-%D8%A7%D9%84%D8%AA%D8%AD%D8%B6%D9%8A%D8%B1%D8%8C-%D8%A8%D8%B1%D8%B7%D9%85%D8%A7%D9%86/dp/B0845163ZX/ref=zg_bs_21840248031_14?_encoding=UTF8&psc=1&refRID=92PEF99CR73H89N0D4M2"
    },
    {
    "name":"مشروب الطاقة العادي ريد بول - 4 × 250 مل",
    "url":"https://www.amazon.eg/%D9%85%D8%B4%D8%B1%D9%88%D8%A8-%D8%A7%D9%84%D8%B7%D8%A7%D9%82%D8%A9-%D8%A7%D9%84%D8%B9%D8%A7%D8%AF%D9%8A-%D8%B1%D9%8A%D8%AF-%D8%A8%D9%88%D9%84/dp/B01EBPBTO0/ref=zg_bs_21840248031_15?_encoding=UTF8&psc=1&refRID=92PEF99CR73H89N0D4M2"
    },
    {
    "name":"نستله كوفي ميت، مبيض قهوة، 400 جرام برطمان بلاستيك",
    "url":"https://www.amazon.eg/%D9%86%D8%B3%D8%AA%D9%84%D9%87-%D9%83%D9%88%D9%81%D9%8A-%D9%82%D9%87%D9%88%D8%A9%D8%8C-%D8%A8%D8%B1%D8%B7%D9%85%D8%A7%D9%86-%D8%A8%D9%84%D8%A7%D8%B3%D8%AA%D9%8A%D9%83/dp/B0182791A2/ref=zg_bs_21840248031_16?_encoding=UTF8&psc=1&refRID=92PEF99CR73H89N0D4M2"
    },
    {
    "name":"نسكافيه 3 في 1 ريتش، قهوة سريعة التحضير، 21 جرام، 12 كيس",
    "url":"https://www.amazon.eg/%D9%86%D8%B3%D9%83%D8%A7%D9%81%D9%8A%D9%87-%D8%B1%D9%8A%D8%AA%D8%B4%D8%8C-%D8%B3%D8%B1%D9%8A%D8%B9%D8%A9-%D8%A7%D9%84%D8%AA%D8%AD%D8%B6%D9%8A%D8%B1%D8%8C-%D8%AC%D8%B1%D8%A7%D9%85%D8%8C/dp/B085XMPMZ8/ref=zg_bs_21840248031_17?_encoding=UTF8&psc=1&refRID=92PEF99CR73H89N0D4M2"
    },
    {
    "name":"نسكافية كلاسيك - 200 جم",
    "url":"https://www.amazon.eg/%D9%86%D8%B3%D9%83%D8%A7%D9%81%D9%8A%D9%87-%D9%86%D8%B3%D9%83%D8%A7%D9%81%D9%8A%D8%A9-%D9%83%D9%84%D8%A7%D8%B3%D9%8A%D9%83-200-%D8%AC%D9%85/dp/B08WJKZF75/ref=zg_bs_21840248031_18?_encoding=UTF8&psc=1&refRID=92PEF99CR73H89N0D4M2"
    },
    {
    "name":"نسكافيه جولد 3 في 1، 21 جم - 12 كيس",
    "url":"https://www.amazon.eg/%D9%86%D8%B3%D9%83%D8%A7%D9%81%D9%8A%D9%87-%D8%AC%D9%88%D9%84%D8%AF-%D9%81%D9%8A-1%D8%8C-21/dp/B08WJPZJFH/ref=zg_bs_21840248031_19?_encoding=UTF8&psc=1&refRID=92PEF99CR73H89N0D4M2"
    },
    {
    "name":"كرتونة عبوات مياه من بركة، كرتونة من 20 عبوة، سعة 0.60 لتر",
    "url":"https://www.amazon.eg/%D9%83%D8%B1%D8%AA%D9%88%D9%86%D8%A9-%D8%B9%D8%A8%D9%88%D8%A7%D8%AA-%D9%85%D9%8A%D8%A7%D9%87-%D8%A8%D8%B1%D9%83%D8%A9%D8%8C-%D8%B9%D8%A8%D9%88%D8%A9%D8%8C/dp/B07G9FVSNJ/ref=zg_bs_21840248031_20?_encoding=UTF8&psc=1&refRID=92PEF99CR73H89N0D4M2"
    },
    {
    "name":"مشروب كمون وليمون من العطار- 20 كيس",
    "url":"https://www.amazon.eg/%D9%85%D8%B4%D8%B1%D9%88%D8%A8-%D9%83%D9%85%D9%88%D9%86-%D9%88%D9%84%D9%8A%D9%85%D9%88%D9%86-%D8%A7%D9%84%D8%B9%D8%B7%D8%A7%D8%B1-%D9%83%D9%8A%D8%B3/dp/B087GM93CJ/ref=zg_bs_21840248031_21?_encoding=UTF8&psc=1&refRID=92PEF99CR73H89N0D4M2"
    },
    {
    "name":"مشروب اعشاب بطعم القرفة والتفاح من العطار - 20 كيس",
    "url":"https://www.amazon.eg/%D9%85%D8%B4%D8%B1%D9%88%D8%A8-%D8%A7%D8%B9%D8%B4%D8%A7%D8%A8-%D8%A7%D9%84%D9%82%D8%B1%D9%81%D8%A9-%D9%88%D8%A7%D9%84%D8%AA%D9%81%D8%A7%D8%AD-%D8%A7%D9%84%D8%B9%D8%B7%D8%A7%D8%B1/dp/B0994Q69CD/ref=zg_bs_21840248031_22?_encoding=UTF8&psc=1&refRID=92PEF99CR73H89N0D4M2"
    },
    {
    "name":"نسكافيه كلاسيك 100جم",
    "url":"https://www.amazon.eg/%D9%86%D8%B3%D9%83%D8%A7%D9%81%D9%8A%D9%87-%D9%83%D9%84%D8%A7%D8%B3%D9%8A%D9%83-100%D8%AC%D9%85/dp/B00UEM357Y/ref=zg_bs_21840248031_23?_encoding=UTF8&psc=1&refRID=92PEF99CR73H89N0D4M2"
    },
    {
    "name":"زجاجه مياه حياه 1.5 لتر، مجموعه من 6 عبوات",
    "url":"https://www.amazon.eg/%D8%B2%D8%AC%D8%A7%D8%AC%D9%87-%D9%85%D9%8A%D8%A7%D9%87-%D8%AD%D9%8A%D8%A7%D9%87-%D9%85%D8%AC%D9%85%D9%88%D8%B9%D9%87-%D8%B9%D8%A8%D9%88%D8%A7%D8%AA/dp/B07G9HST15/ref=zg_bs_21840248031_24?_encoding=UTF8&psc=1&refRID=92PEF99CR73H89N0D4M2"
    },
    {
    "name":"زجاجة مياه من صافي، 0.33 لتر - 30 قطعة",
    "url":"https://www.amazon.eg/%D8%B2%D8%AC%D8%A7%D8%AC%D8%A9-%D9%85%D9%8A%D8%A7%D9%87-%D8%B5%D8%A7%D9%81%D9%8A%D8%8C-0-33-%D9%84%D8%AA%D8%B1/dp/B08WJMJK8H/ref=zg_bs_21840248031_25?_encoding=UTF8&psc=1&refRID=92PEF99CR73H89N0D4M2"
    },
    {
    "name":"كيس قهوة كلاسيك من نسكافيه - 50 جرام",
    "url":"https://www.amazon.eg/%D9%83%D9%8A%D8%B3-%D9%82%D9%87%D9%88%D8%A9-%D9%83%D9%84%D8%A7%D8%B3%D9%8A%D9%83-%D9%85%D9%86-%D9%86%D8%B3%D9%83%D8%A7%D9%81%D9%8A%D9%87/dp/B08WJMSLK6/ref=zg_bs_21840248031_26?_encoding=UTF8&psc=1&refRID=92PEF99CR73H89N0D4M2"
    },
    {
    "name":"مشروب شوكولاتة ساخنة بودرة من كادبوري ٣ فى ١، 300 جم",
    "url":"https://www.amazon.eg/%D9%85%D8%B4%D8%B1%D9%88%D8%A8-%D8%B4%D9%88%D9%83%D9%88%D9%84%D8%A7%D8%AA%D8%A9-%D8%B3%D8%A7%D8%AE%D9%86%D8%A9-%D8%A8%D9%88%D8%AF%D8%B1%D8%A9-%D9%83%D8%A7%D8%AF%D8%A8%D9%88%D8%B1%D9%8A/dp/B08BSM47WM/ref=zg_bs_21840248031_27?_encoding=UTF8&psc=1&refRID=92PEF99CR73H89N0D4M2"
    },
    {
    "name":"زجاجة مياه من ايــــلانو، 20 قطعة - 600 مل",
    "url":"https://www.amazon.eg/%D8%B2%D8%AC%D8%A7%D8%AC%D8%A9-%D9%85%D9%8A%D8%A7%D9%87-%D9%85%D9%86-%D8%A7%D9%8A%D9%80%D9%80%D9%80%D9%80%D9%84%D8%A7%D9%86%D9%88%D8%8C-%D9%82%D8%B7%D8%B9%D8%A9/dp/B08WJNFRX2/ref=zg_bs_21840248031_28?_encoding=UTF8&psc=1&refRID=92PEF99CR73H89N0D4M2"
    },
    {
    "name":"شاي كرك بالحبهان من مذاق - 12 ظرف",
    "url":"https://www.amazon.eg/%D8%B4%D8%A7%D9%8A-%D9%83%D8%B1%D9%83-%D8%A8%D8%A7%D9%84%D8%AD%D8%A8%D9%87%D8%A7%D9%86-%D9%85%D9%86-%D9%85%D8%B0%D8%A7%D9%82/dp/B08WJL189B/ref=zg_bs_21840248031_29?_encoding=UTF8&psc=1&refRID=92PEF99CR73H89N0D4M2"
    },
    {
    "name":"شاي اسود بالعلامة الصفراء من ليبتون، 75 كيس - 150 جم",
    "url":"https://www.amazon.eg/%D8%B4%D8%A7%D9%8A-%D8%A7%D8%B3%D9%88%D8%AF-%D8%A8%D8%A7%D9%84%D8%B9%D9%84%D8%A7%D9%85%D8%A9-%D8%A7%D9%84%D8%B5%D9%81%D8%B1%D8%A7%D8%A1-%D9%84%D9%8A%D8%A8%D8%AA%D9%88%D9%86%D8%8C/dp/B08WJL6NL5/ref=zg_bs_21840248031_30?_encoding=UTF8&psc=1&refRID=92PEF99CR73H89N0D4M2"
    },
    {
    "name":"بن تركي سادة من ابو عوف، 200 جم",
    "url":"https://www.amazon.eg/%D8%AA%D8%B1%D9%83%D9%8A-%D8%B3%D8%A7%D8%AF%D8%A9-%D8%A7%D8%A8%D9%88-%D8%B9%D9%88%D9%81%D8%8C-200/dp/B08KFKN4XG/ref=zg_bs_21840248031_31?_encoding=UTF8&psc=1&refRID=92PEF99CR73H89N0D4M2"
    },
    {
    "name":"قهوة اسبرسو من موفنبيك 250 جرام [هيكل كامل، غني]",
    "url":"https://www.amazon.eg/%D9%82%D9%87%D9%88%D8%A9-%D8%A7%D8%B3%D8%A8%D8%B1%D8%B3%D9%88-%D9%85%D9%88%D9%81%D9%86%D8%A8%D9%8A%D9%83-%D8%AC%D8%B1%D8%A7%D9%85-%D9%83%D8%A7%D9%85%D9%84%D8%8C/dp/B07T54Q7HK/ref=zg_bs_21840248031_32?_encoding=UTF8&psc=1&refRID=92PEF99CR73H89N0D4M2"
    },
    {
    "name":"بيبسي 250 مل – زجاجة بلاستيكية، 12 زجاجات",
    "url":"https://www.amazon.eg/%D8%A8%D9%8A%D8%A8%D8%B3%D9%8A-250-%D9%85%D9%84-%D8%A8%D9%84%D8%A7%D8%B3%D8%AA%D9%8A%D9%83%D9%8A%D8%A9%D8%8C-%D8%B2%D8%AC%D8%A7%D8%AC%D8%A7%D8%AA/dp/B08YY2VGJF/ref=zg_bs_21840248031_33?_encoding=UTF8&psc=1&refRID=92PEF99CR73H89N0D4M2"
    },
    {
    "name":"كيس بودرة شيكولاتة من نسكويك – 880 جرام",
    "url":"https://www.amazon.eg/%D9%83%D9%8A%D8%B3-%D8%A8%D9%88%D8%AF%D8%B1%D8%A9-%D8%B4%D9%8A%D9%83%D9%88%D9%84%D8%A7%D8%AA%D8%A9-%D9%85%D9%86-%D9%86%D8%B3%D9%83%D9%88%D9%8A%D9%83/dp/B07G9FR5ST/ref=zg_bs_21840248031_34?_encoding=UTF8&psc=1&refRID=92PEF99CR73H89N0D4M2"
    },
    {
    "name":"ليمون زنجبيل اعشاب من رويال، 12 كيس",
    "url":"https://www.amazon.eg/%D9%84%D9%8A%D9%85%D9%88%D9%86-%D8%B2%D9%86%D8%AC%D8%A8%D9%8A%D9%84-%D8%A7%D8%B9%D8%B4%D8%A7%D8%A8-%D8%B1%D9%88%D9%8A%D8%A7%D9%84%D8%8C-%D9%83%D9%8A%D8%B3/dp/B0968XR2DP/ref=zg_bs_21840248031_35?_encoding=UTF8&psc=1&refRID=92PEF99CR73H89N0D4M2"
    },
    {
    "name":"شاي اسود العلامة الصفراء من ليبتون - 50 كيس شاي",
    "url":"https://www.amazon.eg/%D8%B4%D8%A7%D9%8A-%D8%A7%D8%B3%D9%88%D8%AF-%D8%A7%D9%84%D8%B9%D9%84%D8%A7%D9%85%D8%A9-%D8%A7%D9%84%D8%B5%D9%81%D8%B1%D8%A7%D8%A1-%D9%84%D9%8A%D8%A8%D8%AA%D9%88%D9%86/dp/B08WJLD9WW/ref=zg_bs_21840248031_36?_encoding=UTF8&psc=1&refRID=92PEF99CR73H89N0D4M2"
    },
    {
    "name":"مشروب شعير خالي من الكحول بنكهة الاناناس من فيروز - 250 مل",
    "url":"https://www.amazon.eg/%D9%85%D8%B4%D8%B1%D9%88%D8%A8-%D8%A7%D9%84%D9%83%D8%AD%D9%88%D9%84-%D8%A8%D9%86%D9%83%D9%87%D8%A9-%D8%A7%D9%84%D8%A7%D9%86%D8%A7%D9%86%D8%A7%D8%B3-%D9%81%D9%8A%D8%B1%D9%88%D8%B2/dp/B08WJJMS56/ref=zg_bs_21840248031_37?_encoding=UTF8&psc=1&refRID=92PEF99CR73H89N0D4M2"
    },
    {
    "name":"قهوة تركي بن فاتح، سادة من ابو عوف - 250 جم",
    "url":"https://www.amazon.eg/%D9%82%D9%87%D9%88%D8%A9-%D8%AA%D8%B1%D9%83%D9%8A-%D9%81%D8%A7%D8%AA%D8%AD%D8%8C-%D8%A7%D8%A8%D9%88-%D8%B9%D9%88%D9%81/dp/B08HW11ZG8/ref=zg_bs_21840248031_38?_encoding=UTF8&psc=1&refRID=92PEF99CR73H89N0D4M2"
    },
    {
    "name":"كبسولات قهوة اسبريسو كينيا من رينيه - 10 قطع",
    "url":"https://www.amazon.eg/%D9%83%D8%A8%D8%B3%D9%88%D9%84%D8%A7%D8%AA-%D9%82%D9%87%D9%88%D8%A9-%D8%A7%D8%B3%D8%A8%D8%B1%D9%8A%D8%B3%D9%88-%D9%83%D9%8A%D9%86%D9%8A%D8%A7-%D8%B1%D9%8A%D9%86%D9%8A%D9%87/dp/B07P88YHVW/ref=zg_bs_21840248031_39?_encoding=UTF8&psc=1&refRID=92PEF99CR73H89N0D4M2"
    },
    {
    "name":"بونجورنو كوفي ميكس 400 جرام علبة صفيح",
    "url":"https://www.amazon.eg/%D8%A8%D9%88%D9%86%D8%AC%D9%88%D8%B1%D9%86%D9%88-%D9%83%D9%88%D9%81%D9%8A-%D9%85%D9%8A%D9%83%D8%B3-%D8%AC%D8%B1%D8%A7%D9%85-%D8%B9%D9%84%D8%A8%D8%A9/dp/B07DC3ML9R/ref=zg_bs_21840248031_40?_encoding=UTF8&psc=1&refRID=92PEF99CR73H89N0D4M2"
    },
    {
    "name":"زجاجة مياه من صافي، 660 مل - مجموعة من 20",
    "url":"https://www.amazon.eg/%D8%B2%D8%AC%D8%A7%D8%AC%D8%A9-%D9%85%D9%8A%D8%A7%D9%87-%D9%85%D9%86-%D8%B5%D8%A7%D9%81%D9%8A%D8%8C-660/dp/B08WJJK346/ref=zg_bs_21840248031_41?_encoding=UTF8&psc=1&refRID=92PEF99CR73H89N0D4M2"
    },
    {
    "name":"ربيع شاي اخضر طبيعي بالنعناع - 25 كيس",
    "url":"https://www.amazon.eg/%D8%B1%D8%A8%D9%8A%D8%B9-%D8%B4%D8%A7%D9%8A-%D8%A7%D8%AE%D8%B6%D8%B1-%D8%B7%D8%A8%D9%8A%D8%B9%D9%8A-%D8%A8%D8%A7%D9%84%D9%86%D8%B9%D9%86%D8%A7%D8%B9/dp/B07NF86WMJ/ref=zg_bs_21840248031_42?_encoding=UTF8&psc=1&refRID=92PEF99CR73H89N0D4M2"
    },
    {
    "name":"مياه حياة، 19 لتر",
    "url":"https://www.amazon.eg/%D8%AD%D9%8A%D8%A7%D8%A9-%D9%85%D9%8A%D8%A7%D9%87-%D8%AD%D9%8A%D8%A7%D8%A9%D8%8C-19-%D9%84%D8%AA%D8%B1/dp/B07G9GQ5KH/ref=zg_bs_21840248031_43?_encoding=UTF8&psc=1&refRID=92PEF99CR73H89N0D4M2"
    },
    {
    "name":"فانتا تفاح أحمر -300 مل-كان -24",
    "url":"https://www.amazon.eg/%D9%81%D8%A7%D9%86%D8%AA%D8%A7-%D8%AA%D9%81%D8%A7%D8%AD-%D8%A3%D8%AD%D9%85%D8%B1-300-%D9%85%D9%84-%D9%83%D8%A7%D9%86/dp/B09JST6ZVT/ref=zg_bs_21840248031_44?_encoding=UTF8&psc=1&refRID=92PEF99CR73H89N0D4M2"
    },
    {
    "name":"كابتشينو من نسكافيه جولد - 12 كيس",
    "url":"https://www.amazon.eg/%D9%83%D8%A7%D8%A8%D8%AA%D8%B4%D9%8A%D9%86%D9%88-%D9%85%D9%86-%D9%86%D8%B3%D9%83%D8%A7%D9%81%D9%8A%D9%87-%D8%AC%D9%88%D9%84%D8%AF-%D9%83%D9%8A%D8%B3/dp/B08WJKVYD1/ref=zg_bs_21840248031_45?_encoding=UTF8&psc=1&refRID=92PEF99CR73H89N0D4M2"
    },
    {
    "name":"نسكويك بودرة شوكولاتة - 77 جم",
    "url":"https://www.amazon.eg/%D9%86%D8%B3%D9%83%D9%88%D9%8A%D9%83-%D8%A8%D9%88%D8%AF%D8%B1%D8%A9-%D8%B4%D9%88%D9%83%D9%88%D9%84%D8%A7%D8%AA%D8%A9-77-%D8%AC%D9%85/dp/B08833JPYQ/ref=zg_bs_21840248031_46?_encoding=UTF8&psc=1&refRID=92PEF99CR73H89N0D4M2"
    },
    {
    "name":"كيس نعناع من الضحى - 20 جم",
    "url":"https://www.amazon.eg/%D9%83%D9%8A%D8%B3-%D9%86%D8%B9%D9%86%D8%A7%D8%B9-%D9%85%D9%86-%D8%A7%D9%84%D8%B6%D8%AD%D9%89-20/dp/B08WJNBC12/ref=zg_bs_21840248031_47?_encoding=UTF8&psc=1&refRID=92PEF99CR73H89N0D4M2"
    },
    {
    "name":"شاي اسود من تاج الملوك - 100 جم",
    "url":"https://www.amazon.eg/%D8%B4%D8%A7%D9%8A-%D8%A7%D8%B3%D9%88%D8%AF-%D9%85%D9%86-%D8%AA%D8%A7%D8%AC-%D8%A7%D9%84%D9%85%D9%84%D9%88%D9%83/dp/B08WJLHKDM/ref=zg_bs_21840248031_48?_encoding=UTF8&psc=1&refRID=92PEF99CR73H89N0D4M2"
    },
    {
    "name":"بودرة كاكاو خام من ابو عوف، 250 جم",
    "url":"https://www.amazon.eg/%D8%A8%D9%88%D8%AF%D8%B1%D8%A9-%D9%83%D8%A7%D9%83%D8%A7%D9%88-%D8%AE%D8%A7%D9%85-%D8%A7%D8%A8%D9%88-%D8%B9%D9%88%D9%81%D8%8C/dp/B08WJNGTRY/ref=zg_bs_21840248031_49?_encoding=UTF8&psc=1&refRID=92PEF99CR73H89N0D4M2"
    },
    {
    "name":"مشروب شوكولاتة ساخنة بودرة من كادبوري ٣ فى ١ - 10 اكياس، 30 جم",
    "url":"https://www.amazon.eg/%D9%85%D8%B4%D8%B1%D9%88%D8%A8-%D8%B4%D9%88%D9%83%D9%88%D9%84%D8%A7%D8%AA%D8%A9-%D8%B3%D8%A7%D8%AE%D9%86%D8%A9-%D8%A8%D9%88%D8%AF%D8%B1%D8%A9-%D9%83%D8%A7%D8%AF%D8%A8%D9%88%D8%B1%D9%8A/dp/B085XN787M/ref=zg_bs_21840248031_50?_encoding=UTF8&psc=1&refRID=92PEF99CR73H89N0D4M2"
    }
    ]
    }