{
    "hygiene":[
    {
    "name":"معجون اسنان المكافح للتسوس من سيجنال، 120 مل",
    "url":"https://www.amazon.eg/%D9%85%D8%B9%D8%AC%D9%88%D9%86-%D8%A7%D8%B3%D9%86%D8%A7%D9%86-%D8%A7%D9%84%D9%85%D9%83%D8%A7%D9%81%D8%AD-%D9%84%D9%84%D8%AA%D8%B3%D9%88%D8%B3-%D8%B3%D9%8A%D8%AC%D9%86%D8%A7%D9%84%D8%8C/dp/B07G8CMZLD/ref=sr_1_1?pd_rd_r=8a674149-f640-4118-8044-6b77b3272bfa&pd_rd_w=PB8jy&pd_rd_wg=ed7wH&pf_rd_p=d97d6511-ec09-4f7d-be62-83137b34bb7c&pf_rd_r=N0JPVCXMHDAHWJ8XGB3S&qid=1638747440&refinements=p_72%3A21909187031&s=health&sr=1-1"
    },
    {
    "name":"مجموعة من 3 قطع اورال-بي كلاسيك فرشاة اسنان ، متوسط - متعددة الالوان",
    "url":"https://www.amazon.eg/%D9%85%D8%AC%D9%85%D9%88%D8%B9%D8%A9-%D8%A7%D9%88%D8%B1%D8%A7%D9%84-%D8%A8%D9%8A-%D9%83%D9%84%D8%A7%D8%B3%D9%8A%D9%83-%D9%81%D8%B1%D8%B4%D8%A7%D8%A9-%D8%A7%D8%B3%D9%86%D8%A7%D9%86/dp/B07J561MMR/ref=sr_1_2?pd_rd_r=8a674149-f640-4118-8044-6b77b3272bfa&pd_rd_w=PB8jy&pd_rd_wg=ed7wH&pf_rd_p=d97d6511-ec09-4f7d-be62-83137b34bb7c&pf_rd_r=N0JPVCXMHDAHWJ8XGB3S&qid=1638747440&refinements=p_72%3A21909187031&s=health&sr=1-2"
    },
    {
    "name":"معجون اسنان بخلاصة جوز الهند وفحم البامبو ناتشورال جلو لمجموعة وايت اتراكشن من كلوس اب - 75 مل",
    "url":"https://www.amazon.eg/%D8%A7%D9%84%D8%A8%D8%A7%D9%85%D8%A8%D9%88-%D9%86%D8%A7%D8%AA%D8%B4%D9%88%D8%B1%D8%A7%D9%84-%D9%84%D9%85%D8%AC%D9%85%D9%88%D8%B9%D8%A9-%D9%83%D9%84%D9%88%D8%B3-%D8%A7%D8%A8/dp/B08HQYVV1T/ref=sr_1_3?pd_rd_r=8a674149-f640-4118-8044-6b77b3272bfa&pd_rd_w=PB8jy&pd_rd_wg=ed7wH&pf_rd_p=d97d6511-ec09-4f7d-be62-83137b34bb7c&pf_rd_r=N0JPVCXMHDAHWJ8XGB3S&qid=1638747440&refinements=p_72%3A21909187031&s=health&sr=1-3"
    },
    {
    "name":"فرشاة اسنان للتنظيف الثلاثي من سيجنال، ميديام",
    "url":"https://www.amazon.eg/%D9%81%D8%B1%D8%B4%D8%A7%D8%A9-%D9%84%D9%84%D8%AA%D9%86%D8%B8%D9%8A%D9%81-%D8%A7%D9%84%D8%AB%D9%84%D8%A7%D8%AB%D9%8A-%D8%B3%D9%8A%D8%AC%D9%86%D8%A7%D9%84%D8%8C-%D9%85%D9%8A%D8%AF%D9%8A%D8%A7%D9%85/dp/B08YY3CWPN/ref=sr_1_4?pd_rd_r=8a674149-f640-4118-8044-6b77b3272bfa&pd_rd_w=PB8jy&pd_rd_wg=ed7wH&pf_rd_p=d97d6511-ec09-4f7d-be62-83137b34bb7c&pf_rd_r=N0JPVCXMHDAHWJ8XGB3S&qid=1638747440&refinements=p_72%3A21909187031&s=health&sr=1-4"
    },
    {
    "name":"فرشاة اسنان من اورال بي، 3 قطع، اسود",
    "url":"https://www.amazon.eg/%D9%81%D8%B1%D8%B4%D8%A7%D8%A9-%D8%A7%D8%B3%D9%86%D8%A7%D9%86-%D8%A7%D9%88%D8%B1%D8%A7%D9%84-%D9%82%D8%B7%D8%B9%D8%8C-%D8%A7%D8%B3%D9%88%D8%AF/dp/B08WJJMYJC/ref=sr_1_5?pd_rd_r=8a674149-f640-4118-8044-6b77b3272bfa&pd_rd_w=PB8jy&pd_rd_wg=ed7wH&pf_rd_p=d97d6511-ec09-4f7d-be62-83137b34bb7c&pf_rd_r=N0JPVCXMHDAHWJ8XGB3S&qid=1638747440&refinements=p_72%3A21909187031&s=health&sr=1-5"
    },
    {
    "name":"خيط الاسنان ساتن تاب بالنعناع من اورال-بي 25 متر",
    "url":"https://www.amazon.eg/%D8%AE%D9%8A%D8%B7-%D8%A7%D9%84%D8%A7%D8%B3%D9%86%D8%A7%D9%86-%D8%B3%D8%A7%D8%AA%D9%86-%D8%A8%D8%A7%D9%84%D9%86%D8%B9%D9%86%D8%A7%D8%B9-%D8%A7%D9%88%D8%B1%D8%A7%D9%84-%D8%A8%D9%8A/dp/B000LNHB8A/ref=sr_1_6?pd_rd_r=8a674149-f640-4118-8044-6b77b3272bfa&pd_rd_w=PB8jy&pd_rd_wg=ed7wH&pf_rd_p=d97d6511-ec09-4f7d-be62-83137b34bb7c&pf_rd_r=N0JPVCXMHDAHWJ8XGB3S&qid=1638747440&refinements=p_72%3A21909187031&s=health&sr=1-6"
    },
    {
    "name":"معجون اسنان كلوس اب ديب اكشن هوت ريد - 100 مل",
    "url":"https://www.amazon.eg/%D9%85%D8%B9%D8%AC%D9%88%D9%86-%D8%A7%D8%B3%D9%86%D8%A7%D9%86-%D9%83%D9%84%D9%88%D8%B3-%D8%A7%D8%A8-%D8%A7%D9%83%D8%B4%D9%86/dp/B07PYF86NS/ref=sr_1_7?pd_rd_r=8a674149-f640-4118-8044-6b77b3272bfa&pd_rd_w=PB8jy&pd_rd_wg=ed7wH&pf_rd_p=d97d6511-ec09-4f7d-be62-83137b34bb7c&pf_rd_r=N0JPVCXMHDAHWJ8XGB3S&qid=1638747440&refinements=p_72%3A21909187031&s=health&sr=1-7"
    },
    {
    "name":"سلاكة أسنان مع خيط تنظيف صحي - 100 سلاكة",
    "url":"https://www.amazon.eg/%D8%B3%D9%84%D8%A7%D9%83%D8%A9-%D8%A3%D8%B3%D9%86%D8%A7%D9%86-%D8%AE%D9%8A%D8%B7-%D8%AA%D9%86%D8%B8%D9%8A%D9%81-%D8%B5%D8%AD%D9%8A/dp/B091J3YLYG/ref=sr_1_8?pd_rd_r=8a674149-f640-4118-8044-6b77b3272bfa&pd_rd_w=PB8jy&pd_rd_wg=ed7wH&pf_rd_p=d97d6511-ec09-4f7d-be62-83137b34bb7c&pf_rd_r=N0JPVCXMHDAHWJ8XGB3S&qid=1638747440&refinements=p_72%3A21909187031&s=health&sr=1-8"
    },
    {
    "name":"معجون اسنان جل عميق التنظيف للاسنان الحساسة من سنسوداين - 100 مل",
    "url":"https://www.amazon.eg/%D9%85%D8%B9%D8%AC%D9%88%D9%86-%D8%A7%D9%84%D8%AA%D9%86%D8%B8%D9%8A%D9%81-%D9%84%D9%84%D8%A7%D8%B3%D9%86%D8%A7%D9%86-%D8%A7%D9%84%D8%AD%D8%B3%D8%A7%D8%B3%D8%A9-%D8%B3%D9%86%D8%B3%D9%88%D8%AF%D8%A7%D9%8A%D9%86/dp/B085Q64735/ref=sr_1_9?pd_rd_r=8a674149-f640-4118-8044-6b77b3272bfa&pd_rd_w=PB8jy&pd_rd_wg=ed7wH&pf_rd_p=d97d6511-ec09-4f7d-be62-83137b34bb7c&pf_rd_r=N0JPVCXMHDAHWJ8XGB3S&qid=1638747440&refinements=p_72%3A21909187031&s=health&sr=1-9"
    },
    {
    "name":"فرشاة أسنان 123 من اورال بي",
    "url":"https://www.amazon.eg/%D9%81%D8%B1%D8%B4%D8%A7%D8%A9-%D8%A3%D8%B3%D9%86%D8%A7%D9%86-123-%D8%A7%D9%88%D8%B1%D8%A7%D9%84-%D8%A8%D9%8A/dp/B07F5W2654/ref=sr_1_10?pd_rd_r=8a674149-f640-4118-8044-6b77b3272bfa&pd_rd_w=PB8jy&pd_rd_wg=ed7wH&pf_rd_p=d97d6511-ec09-4f7d-be62-83137b34bb7c&pf_rd_r=N0JPVCXMHDAHWJ8XGB3S&qid=1638747440&refinements=p_72%3A21909187031&s=health&sr=1-10"
    },
    {
    "name":"طقم فراشي أسنان رفيعة للغاية من اورال بي- اسود، 3 قطع",
    "url":"https://www.amazon.eg/%D9%81%D8%B1%D8%A7%D8%B4%D9%8A-%D8%A3%D8%B3%D9%86%D8%A7%D9%86-%D8%B1%D9%81%D9%8A%D8%B9%D8%A9-%D9%84%D9%84%D8%BA%D8%A7%D9%8A%D8%A9-%D8%A7%D9%88%D8%B1%D8%A7%D9%84/dp/B07PCLVW3C/ref=sr_1_11?pd_rd_r=8a674149-f640-4118-8044-6b77b3272bfa&pd_rd_w=PB8jy&pd_rd_wg=ed7wH&pf_rd_p=d97d6511-ec09-4f7d-be62-83137b34bb7c&pf_rd_r=N0JPVCXMHDAHWJ8XGB3S&qid=1638747440&refinements=p_72%3A21909187031&s=health&sr=1-11"
    },
    {
    "name":"معجون اسنان للاطفال بطعم بابل فروت من كولجيت، من 2 الى 5 سنين",
    "url":"https://www.amazon.eg/%D9%85%D8%B9%D8%AC%D9%88%D9%86-%D8%A7%D8%B3%D9%86%D8%A7%D9%86-%D9%84%D9%84%D8%A7%D8%B7%D9%81%D8%A7%D9%84-%D8%A8%D8%B7%D8%B9%D9%85-%D9%83%D9%88%D9%84%D8%AC%D9%8A%D8%AA%D8%8C/dp/B00NR6C6TC/ref=sr_1_12?pd_rd_r=8a674149-f640-4118-8044-6b77b3272bfa&pd_rd_w=PB8jy&pd_rd_wg=ed7wH&pf_rd_p=d97d6511-ec09-4f7d-be62-83137b34bb7c&pf_rd_r=N0JPVCXMHDAHWJ8XGB3S&qid=1638747440&refinements=p_72%3A21909187031&s=health&sr=1-12"
    },
    {
    "name":"14 قطعة / صندوق ثلاثي الابعاد شرائط تبييض الاسنان شرائط جل مرنة مزدوجة ادوات طب الاسنان شرائط الاسنان منتج تبييض",
    "url":"https://www.amazon.eg/%D8%B5%D9%86%D8%AF%D9%88%D9%82-%D8%AB%D9%84%D8%A7%D8%AB%D9%8A-%D8%A7%D9%84%D8%A7%D8%A8%D8%B9%D8%A7%D8%AF-%D8%A7%D9%84%D8%A7%D8%B3%D9%86%D8%A7%D9%86-%D9%85%D8%B2%D8%AF%D9%88%D8%AC%D8%A9/dp/B08YNNT8MR/ref=sr_1_13?pd_rd_r=8a674149-f640-4118-8044-6b77b3272bfa&pd_rd_w=PB8jy&pd_rd_wg=ed7wH&pf_rd_p=d97d6511-ec09-4f7d-be62-83137b34bb7c&pf_rd_r=N0JPVCXMHDAHWJ8XGB3S&qid=1638747440&refinements=p_72%3A21909187031&s=health&sr=1-13"
    },
    {
    "name":"معجون اسنان منعش للحماية من التسوس كالسي-دنت من كرست - 125 مل",
    "url":"https://www.amazon.eg/%D9%85%D8%B9%D8%AC%D9%88%D9%86-%D9%84%D9%84%D8%AD%D9%85%D8%A7%D9%8A%D8%A9-%D8%A7%D9%84%D8%AA%D8%B3%D9%88%D8%B3-%D9%83%D8%A7%D9%84%D8%B3%D9%8A-%D8%AF%D9%86%D8%AA-%D9%83%D8%B1%D8%B3%D8%AA/dp/B08B9TMWFB/ref=sr_1_14?pd_rd_r=8a674149-f640-4118-8044-6b77b3272bfa&pd_rd_w=PB8jy&pd_rd_wg=ed7wH&pf_rd_p=d97d6511-ec09-4f7d-be62-83137b34bb7c&pf_rd_r=N0JPVCXMHDAHWJ8XGB3S&qid=1638747440&refinements=p_72%3A21909187031&s=health&sr=1-14"
    },
    {
    "name":"غسول الفم، عناية كاملة، خالٍ من الكحول من ليسترين نعناع ناعم، ٥٠٠ مل",
    "url":"https://www.amazon.eg/%D8%A7%D9%84%D9%81%D9%85%D8%8C-%D8%B9%D9%86%D8%A7%D9%8A%D8%A9-%D9%83%D8%A7%D9%85%D9%84%D8%A9%D8%8C-%D8%A7%D9%84%D9%83%D8%AD%D9%88%D9%84-%D9%84%D9%8A%D8%B3%D8%AA%D8%B1%D9%8A%D9%86/dp/B07G86JV2B/ref=sr_1_15?pd_rd_r=8a674149-f640-4118-8044-6b77b3272bfa&pd_rd_w=PB8jy&pd_rd_wg=ed7wH&pf_rd_p=d97d6511-ec09-4f7d-be62-83137b34bb7c&pf_rd_r=N0JPVCXMHDAHWJ8XGB3S&qid=1638747440&refinements=p_72%3A21909187031&s=health&sr=1-15"
    },
    {
    "name":"معجون اسنان مينت فريش من هيمالايا - 50 مل",
    "url":"https://www.amazon.eg/%D9%85%D8%B9%D8%AC%D9%88%D9%86-%D8%A7%D8%B3%D9%86%D8%A7%D9%86-%D9%85%D9%8A%D9%86%D8%AA-%D9%81%D8%B1%D9%8A%D8%B4-%D9%87%D9%8A%D9%85%D8%A7%D9%84%D8%A7%D9%8A%D8%A7/dp/B07WPW4DYR/ref=sr_1_16?pd_rd_r=8a674149-f640-4118-8044-6b77b3272bfa&pd_rd_w=PB8jy&pd_rd_wg=ed7wH&pf_rd_p=d97d6511-ec09-4f7d-be62-83137b34bb7c&pf_rd_r=N0JPVCXMHDAHWJ8XGB3S&qid=1638747440&refinements=p_72%3A21909187031&s=health&sr=1-16"
    },
    {
    "name":"معجون أسنان كلوس اب ديب اكشن بالنعناع - 100 مل",
    "url":"https://www.amazon.eg/%D9%85%D8%B9%D8%AC%D9%88%D9%86-%D8%A3%D8%B3%D9%86%D8%A7%D9%86-%D9%83%D9%84%D9%88%D8%B3-%D8%A7%D8%A8-%D8%A8%D8%A7%D9%84%D9%86%D8%B9%D9%86%D8%A7%D8%B9/dp/B07F5YDZ83/ref=sr_1_17?pd_rd_r=8a674149-f640-4118-8044-6b77b3272bfa&pd_rd_w=PB8jy&pd_rd_wg=ed7wH&pf_rd_p=d97d6511-ec09-4f7d-be62-83137b34bb7c&pf_rd_r=N0JPVCXMHDAHWJ8XGB3S&qid=1638747440&refinements=p_72%3A21909187031&s=health&sr=1-17"
    },
    {
    "name":"معجون اسنان بالقرنفل العشبي مع فرشاة اسنان من دابور، 150 غرام",
    "url":"https://www.amazon.eg/%D9%85%D8%B9%D8%AC%D9%88%D9%86-%D8%A7%D8%B3%D9%86%D8%A7%D9%86-%D8%A8%D8%A7%D9%84%D9%82%D8%B1%D9%86%D9%81%D9%84-%D8%A7%D9%84%D8%B9%D8%B4%D8%A8%D9%8A-%D8%AF%D8%A7%D8%A8%D9%88%D8%B1%D8%8C/dp/B07P6NLKY5/ref=sr_1_18?pd_rd_r=8a674149-f640-4118-8044-6b77b3272bfa&pd_rd_w=PB8jy&pd_rd_wg=ed7wH&pf_rd_p=d97d6511-ec09-4f7d-be62-83137b34bb7c&pf_rd_r=N0JPVCXMHDAHWJ8XGB3S&qid=1638747440&refinements=p_72%3A21909187031&s=health&sr=1-18"
    },
    {
    "name":"مجموعة مكونة من 30 قطعة من اداة تنظيف الاسنان المزودة بخيط",
    "url":"https://www.amazon.eg/%D9%85%D8%AC%D9%85%D9%88%D8%B9%D8%A9-%D9%85%D9%83%D9%88%D9%86%D8%A9-%D8%AA%D9%86%D8%B8%D9%8A%D9%81-%D8%A7%D9%84%D8%A7%D8%B3%D9%86%D8%A7%D9%86-%D8%A7%D9%84%D9%85%D8%B2%D9%88%D8%AF%D8%A9/dp/B091J67LSV/ref=sr_1_19?pd_rd_r=8a674149-f640-4118-8044-6b77b3272bfa&pd_rd_w=PB8jy&pd_rd_wg=ed7wH&pf_rd_p=d97d6511-ec09-4f7d-be62-83137b34bb7c&pf_rd_r=N0JPVCXMHDAHWJ8XGB3S&qid=1638747440&refinements=p_72%3A21909187031&s=health&sr=1-19"
    },
    {
    "name":"فرشاة اسنان من اورال بي، اسود",
    "url":"https://www.amazon.eg/%D9%81%D8%B1%D8%B4%D8%A7%D8%A9-%D8%A7%D8%B3%D9%86%D8%A7%D9%86-%D8%A7%D9%88%D8%B1%D8%A7%D9%84-%D8%A8%D9%8A%D8%8C-%D8%A7%D8%B3%D9%88%D8%AF/dp/B0848XTFKG/ref=sr_1_20?pd_rd_r=8a674149-f640-4118-8044-6b77b3272bfa&pd_rd_w=PB8jy&pd_rd_wg=ed7wH&pf_rd_p=d97d6511-ec09-4f7d-be62-83137b34bb7c&pf_rd_r=N0JPVCXMHDAHWJ8XGB3S&qid=1638747440&refinements=p_72%3A21909187031&s=health&sr=1-20"
    },
    {
    "name":"معجون أسنان سنسوداين انتعاش زائد للأسنان الحساسة، 100 مل",
    "url":"https://www.amazon.eg/%D9%85%D8%B9%D8%AC%D9%88%D9%86-%D8%B3%D9%86%D8%B3%D9%88%D8%AF%D8%A7%D9%8A%D9%86-%D8%A7%D9%86%D8%AA%D8%B9%D8%A7%D8%B4-%D9%84%D9%84%D8%A3%D8%B3%D9%86%D8%A7%D9%86-%D8%A7%D9%84%D8%AD%D8%B3%D8%A7%D8%B3%D8%A9%D8%8C/dp/B00MQAE6JS/ref=sr_1_21?pd_rd_r=8a674149-f640-4118-8044-6b77b3272bfa&pd_rd_w=PB8jy&pd_rd_wg=ed7wH&pf_rd_p=d97d6511-ec09-4f7d-be62-83137b34bb7c&pf_rd_r=N0JPVCXMHDAHWJ8XGB3S&qid=1638747440&refinements=p_72%3A21909187031&s=health&sr=1-21"
    },
    {
    "name":"معجون اسنان من سيجنال مع فرشاة اسنان 120 مل",
    "url":"https://www.amazon.eg/%D9%85%D8%B9%D8%AC%D9%88%D9%86-%D8%A7%D8%B3%D9%86%D8%A7%D9%86-%D8%B3%D9%8A%D8%AC%D9%86%D8%A7%D9%84-%D9%81%D8%B1%D8%B4%D8%A7%D8%A9-120/dp/B081TM4MB4/ref=sr_1_22?pd_rd_r=8a674149-f640-4118-8044-6b77b3272bfa&pd_rd_w=PB8jy&pd_rd_wg=ed7wH&pf_rd_p=d97d6511-ec09-4f7d-be62-83137b34bb7c&pf_rd_r=N0JPVCXMHDAHWJ8XGB3S&qid=1638747440&refinements=p_72%3A21909187031&s=health&sr=1-22"
    },
    {
    "name":"فرشاة أسنان سنسوداين تنظيف عميق للأسنان الحساسة ناعمة",
    "url":"https://www.amazon.eg/%D9%81%D8%B1%D8%B4%D8%A7%D8%A9-%D8%A3%D8%B3%D9%86%D8%A7%D9%86-%D8%B3%D9%86%D8%B3%D9%88%D8%AF%D8%A7%D9%8A%D9%86-%D9%84%D9%84%D8%A3%D8%B3%D9%86%D8%A7%D9%86-%D8%A7%D9%84%D8%AD%D8%B3%D8%A7%D8%B3%D8%A9/dp/B07PZL1W4Z/ref=sr_1_23?pd_rd_r=8a674149-f640-4118-8044-6b77b3272bfa&pd_rd_w=PB8jy&pd_rd_wg=ed7wH&pf_rd_p=d97d6511-ec09-4f7d-be62-83137b34bb7c&pf_rd_r=N0JPVCXMHDAHWJ8XGB3S&qid=1638747440&refinements=p_72%3A21909187031&s=health&sr=1-23"
    },
    {
    "name":"معجون اسنان للعناية الكاملة من هيمالايا - 50 مل",
    "url":"https://www.amazon.eg/%D9%85%D8%B9%D8%AC%D9%88%D9%86-%D8%A7%D8%B3%D9%86%D8%A7%D9%86-%D9%84%D9%84%D8%B9%D9%86%D8%A7%D9%8A%D8%A9-%D8%A7%D9%84%D9%83%D8%A7%D9%85%D9%84%D8%A9-%D9%87%D9%8A%D9%85%D8%A7%D9%84%D8%A7%D9%8A%D8%A7/dp/B07P6NGCXG/ref=sr_1_24?pd_rd_r=8a674149-f640-4118-8044-6b77b3272bfa&pd_rd_w=PB8jy&pd_rd_wg=ed7wH&pf_rd_p=d97d6511-ec09-4f7d-be62-83137b34bb7c&pf_rd_r=N0JPVCXMHDAHWJ8XGB3S&qid=1638747440&refinements=p_72%3A21909187031&s=health&sr=1-24"
    }
    ]
    }
    